Sample,depth (cm),AgeBac20,accumRate,Aulacoseira baicalensis,Aulacoseira skvortzowii,Aulacoseira ambigua,Aulacoseira granulata,Aulacoseira subarctica,Asterionella formosa,Cyclostephanos dubius,Cyclostephanos invisitatus,Cyclostephanos tholiformis,Cyclotella minuta,Cyclotella baicalensis,Crateriportula inconspicua,Stephanodiscus parvus,Stephanodiscus meyrii,Stephanodiscus flabellatus,Cyclotella bodanica,Cyclotella cf. krammeri,Cyclotella comtaeformica,Cyclotella comtaeformica v.spinata,Cyclotella gordonensis,Cyclotella gracillis (comensis),Cyclotella meneghiniana,Cyclotella ocellata,Cyclotella operculata v. radiata,Cyclotella praetemperei v. distincta,Cyclotella rossii,Cyclotella spp.,Cyclotella stelligera,Cyclotella temperiana,Cyclotella temperiformica (fottii),Stephanodiscus carconeiformis,Stephanodiscus cf. medius,Stephanodiscus cf. minutulus,Stephanodiscus formosa,Stephanodiscus formosa v. minor,Stephanodiscus grandis,Stephanodiscus skabitschevskyi,Synedra acus v. acus,Synedra acus v. radians,Synedra acus v. tenera,Synedra ulna,Synedra ulna v. danica,Fragilaria crotonensis,Fragilaria vaucheriae,Fragilaria capucina,Tabellaria flocculosa,Hannea baicalensis,Meridon culcurae,Diatoma tenuis,Diatoma vulgaris,Total
0,0.25,-35,0.025,136,27,0,0,0,0,0,0,0,88,0,0,0,9,0,0,0,0,0,0,0,0,0,0,0,0,0,0,0,0,0,0,0,0,0,0,0,0,9,16,0,0,0,0,0,0,0,0,0,0,285
1,0.75,-2,0.015,116,39,0,0,0,0,0,0,0,83,0,4,0,7,0,0,0,0,0,0,0,0,0,0,0,0,0,0,0,0,0,0,0,0,0,0,0,11,12,18,0,0,0,0,0,0,0,0,0,0,290
2,1.25,30,0.016,95,31,0,0,0,0,1,0,0,100,1,4,0,10,0,0,0,0,0,0,0,0,0,0,0,0,0,0,0,0,0,0,0,0,0,1,0,4,19,19,0,0,0,0,2,0,0,0,0,0,287
3,1.75,62,0.016,102,48,0,0,0,1,0,0,0,97,0,4,0,2,0,0,0,0,0,0,0,0,0,0,0,0,0,0,0,0,0,0,0,0,0,0,0,4,5,21,0,0,0,0,1,0,0,0,0,0,285
4,2.25,95,0.015,99,35,0,0,0,0,0,0,0,111,0,6,0,1,0,0,0,0,0,0,0,0,0,0,0,0,0,0,0,0,0,0,0,0,0,1,0,1,11,13,0,0,0,0,2,0,0,0,0,0,280
5,2.75,127,0.016,100,29,0,0,0,0,0,0,0,119,0,2,0,3,0,0,0,0,0,0,0,0,0,0,0,0,0,0,0,0,0,0,0,1,0,0,0,4,6,23,0,0,0,0,0,0,0,0,0,0,287
6,3.25,159,0.016,100,46,0,0,0,0,0,0,0,90,1,6,0,16,0,0,0,0,0,0,0,0,0,0,0,0,0,0,0,0,0,0,0,0,0,0,0,2,11,9,0,0,0,0,1,0,0,1,0,0,283
7,3.75,192,0.015,90,30,0,0,0,0,3,0,0,108,0,11,0,16,0,0,0,0,0,0,0,0,0,0,0,0,0,0,0,0,0,0,0,0,0,0,0,4,10,16,0,0,0,0,2,0,2,0,0,0,292
8,4.25,224,0.016,85,32,0,0,0,0,0,0,0,115,0,7,0,20,0,0,0,0,0,0,0,0,0,0,0,0,0,0,0,0,0,0,0,0,0,1,0,3,10,13,0,0,0,0,0,0,0,0,0,0,286
9,4.75,256,0.016,107,44,0,0,0,0,2,0,0,102,4,5,0,19,1,0,0,0,0,0,0,0,0,0,0,0,0,0,0,0,0,0,0,0,0,0,0,4,2,5,0,0,0,0,0,0,0,0,0,0,295
10,5.25,288,0.016,97,34,0,0,0,0,4,0,0,109,1,5,0,16,2,0,0,0,0,0,0,0,0,0,0,0,0,0,0,0,0,0,0,0,0,0,0,6,3,9,0,0,0,0,0,0,0,1,0,0,287
11,5.75,321,0.015,102,42,0,0,0,0,0,0,0,103,0,9,0,20,0,0,0,0,0,0,0,0,0,0,0,0,0,0,0,0,0,0,0,0,0,0,0,3,6,4,0,0,0,0,0,0,0,0,0,0,289
12,6.25,353,0.016,80,55,0,0,0,0,2,0,0,85,3,9,0,36,0,0,0,0,0,0,0,0,0,0,0,0,0,0,0,0,0,0,0,0,0,0,0,6,5,7,0,0,0,0,2,0,0,0,0,0,290
13,6.75,385,0.016,89,32,0,0,0,0,0,0,0,111,0,3,0,29,0,0,0,0,0,0,0,0,0,0,0,0,0,0,0,0,0,0,0,0,0,0,0,5,6,7,0,0,0,0,4,0,0,0,0,0,286
14,7.25,417,0.016,92,19,0,0,0,0,1,0,0,95,2,6,0,41,0,0,0,0,0,0,0,0,0,0,0,0,0,0,0,0,0,0,0,0,0,0,0,13,5,2,0,0,0,0,0,0,1,0,0,0,277
15,7.75,449,0.016,59,26,0,0,0,0,2,0,0,97,0,8,0,63,0,0,0,0,0,0,0,0,0,0,0,0,0,0,0,0,0,0,0,0,0,0,0,5,2,6,0,0,0,0,0,0,1,0,0,0,269
16,8.25,481,0.016,78,23,0,0,0,0,0,0,0,118,0,2,0,51,1,0,0,0,0,0,0,0,0,0,0,0,0,0,0,0,0,0,0,0,0,0,0,8,7,3,0,0,0,0,0,0,0,0,0,0,291
17,8.75,513,0.016,72,21,0,0,0,0,0,0,0,121,0,7,0,29,0,0,0,0,0,0,0,0,0,0,0,0,0,0,0,0,0,0,0,0,0,0,0,4,10,5,0,0,0,0,0,0,0,0,0,0,269
18,9.25,545,0.016,52,16,0,0,0,1,1,0,0,129,3,15,0,27,0,0,0,0,0,0,0,0,0,0,0,0,0,0,0,0,0,0,0,0,0,0,0,3,4,1,0,0,0,0,0,0,0,0,0,0,252
19,9.75,577,0.016,55,23,0,0,0,0,0,0,0,135,0,5,0,31,0,0,0,0,0,0,0,0,0,0,0,0,0,0,0,0,0,0,0,0,0,0,0,3,8,1,0,0,0,0,0,0,0,0,0,0,261
20,10.25,611,0.015,71,15,0,0,0,0,0,0,0,100,0,15,2,21,0,0,0,0,0,0,0,0,0,0,0,0,0,0,0,0,0,0,0,0,0,0,0,7,24,28,0,0,0,0,0,0,0,0,0,0,283
21,10.75,647,0.014,87,18,0,0,0,0,0,0,0,96,0,8,0,42,0,0,0,0,0,0,0,0,0,0,0,0,0,0,0,0,0,0,0,0,0,0,0,4,8,15,0,0,0,0,1,0,2,0,0,0,281
22,11.25,683,0.014,57,7,0,0,0,0,1,0,0,106,0,10,2,43,0,0,0,0,0,0,0,0,0,0,0,0,0,0,0,0,0,0,0,0,0,0,0,4,38,6,0,0,0,3,0,0,0,0,0,0,277
23,11.75,719,0.014,71,14,0,0,0,0,0,0,0,148,0,2,2,21,0,0,0,0,0,0,0,0,0,0,0,0,0,0,0,0,0,0,0,0,0,0,0,5,9,3,0,0,0,0,3,0,0,0,0,0,278
24,12.25,755,0.014,58,11,0,0,0,0,0,0,0,127,1,8,0,44,0,0,0,0,0,0,0,0,0,0,0,0,0,0,0,0,0,0,0,0,0,0,0,4,8,9,0,0,0,0,1,0,0,0,0,0,271
25,12.75,791,0.014,55,19,0,0,0,0,1,0,0,172,1,10,1,23,0,0,0,0,0,0,0,0,0,0,0,0,0,0,0,0,0,0,0,0,0,0,0,0,1,4,0,0,0,0,1,0,2,0,0,0,290
26,13.25,827,0.014,39,10,0,0,0,0,1,0,0,197,1,13,0,2,0,0,0,0,0,0,0,0,0,0,0,0,0,0,0,0,0,0,0,0,0,0,0,1,3,2,0,0,0,0,1,0,1,0,0,0,271
27,13.75,863,0.014,26,7,0,0,0,0,1,0,0,199,4,9,0,1,0,0,0,0,0,0,0,0,0,0,0,0,0,0,0,0,0,0,0,0,0,0,0,1,1,7,0,0,0,0,0,0,2,0,0,0,258
28,14.25,899,0.014,30,5,0,0,0,0,2,0,0,209,0,9,0,1,0,0,0,0,0,0,0,0,0,0,0,0,0,0,0,0,0,0,0,0,0,0,0,2,0,1,0,0,0,0,11,0,0,0,0,0,270
29,14.75,935,0.014,8,7,0,0,0,0,0,0,0,227,0,10,0,0,0,0,0,0,0,0,0,0,0,0,0,0,0,0,0,0,0,0,0,0,0,0,0,0,1,1,0,0,0,0,0,0,0,0,0,0,254
30,15.25,975,0.013,30,12,0,0,0,0,0,0,0,188,0,22,0,2,0,0,0,0,0,0,0,0,0,0,0,0,0,0,0,0,0,0,0,0,0,0,0,1,1,3,0,0,0,0,1,0,1,0,0,0,261
31,15.75,1019,0.011,19,6,0,0,0,0,5,0,0,195,0,10,0,0,0,0,0,0,0,0,0,0,0,0,0,0,0,0,0,0,0,0,0,0,2,0,0,1,2,0,0,0,0,0,2,0,1,0,0,0,243
32,16.25,1063,0.011,11,15,0,0,0,0,0,0,0,201,0,16,0,0,0,0,0,0,0,0,0,0,0,0,0,0,0,0,0,0,0,0,0,0,0,0,0,0,0,0,0,0,0,0,4,0,0,0,0,0,247
33,16.75,1107,0.011,14,10,0,0,0,0,0,0,0,202,0,15,0,1,0,0,1,0,0,0,0,0,0,0,0,0,0,0,0,0,0,0,0,0,0,0,0,1,0,0,0,0,0,0,3,0,2,0,0,0,249
34,17.25,1151,0.011,14,25,0,0,0,0,0,0,0,187,0,23,0,0,0,0,0,0,0,0,0,0,0,0,0,0,0,0,0,0,0,0,0,0,0,0,0,0,0,0,0,0,0,0,3,0,0,1,0,0,253
35,17.75,1195,0.011,15,13,0,0,0,0,0,0,0,188,0,14,0,1,0,0,0,0,0,0,0,0,0,0,0,0,0,0,0,0,0,0,0,0,0,0,0,0,1,2,0,1,0,0,0,0,1,1,0,0,237
36,18.25,1240,0.011,18,9,0,0,0,0,2,0,0,197,0,23,2,2,0,0,0,0,0,0,0,0,0,0,0,0,0,0,0,1,0,0,0,0,0,0,0,1,2,1,0,0,0,0,5,0,1,0,0,0,264
37,18.75,1284,0.011,19,5,0,0,0,0,0,0,0,213,0,13,0,1,0,0,0,0,0,0,0,0,0,0,0,0,0,0,0,0,0,0,0,0,0,0,0,0,0,0,0,0,0,0,0,0,0,0,0,0,251
38,19.25,1328,0.011,7,6,0,0,0,0,0,0,0,216,0,12,1,0,0,0,0,0,0,0,0,0,0,0,0,0,0,0,0,0,0,0,0,0,0,0,0,0,0,0,0,0,0,0,2,0,1,0,0,0,245
39,19.75,1372,0.011,3,1,0,0,0,0,0,0,0,235,2,9,0,1,0,0,0,0,0,0,0,0,0,0,0,0,0,0,0,0,0,0,0,0,0,0,0,0,0,1,0,0,0,0,2,0,0,0,0,0,254
40,20.25,1413,0.012,6,0,0,0,0,0,0,0,0,226,1,16,0,3,0,0,0,0,0,0,0,0,0,0,0,0,0,0,0,0,0,0,0,0,0,0,0,0,1,0,0,0,0,0,1,0,0,0,0,0,254
41,20.75,1451,0.013,10,1,0,0,0,0,1,0,0,238,1,13,0,0,0,0,0,0,0,0,0,0,0,0,0,0,0,0,0,0,0,0,0,0,0,0,0,0,0,0,0,0,0,0,1,0,0,0,0,0,265
42,21.25,1489,0.013,0,0,0,0,0,0,0,0,0,261,1,10,0,0,0,0,0,0,0,0,0,0,0,0,0,0,0,0,0,0,0,0,0,0,0,0,0,0,0,0,0,0,0,0,1,0,0,0,0,0,273
43,21.75,1527,0.013,3,0,0,0,0,0,3,0,0,271,1,9,1,0,0,0,0,0,0,0,0,0,0,0,0,0,0,0,0,0,0,0,0,0,0,0,0,0,0,0,0,0,0,0,0,0,1,0,0,0,289
44,22.25,1565,0.013,1,1,0,0,0,0,1,0,0,248,0,13,0,1,0,0,0,0,0,0,0,0,0,0,0,0,0,0,0,0,0,0,0,0,0,0,0,0,1,1,0,0,0,0,5,0,0,0,0,0,272
45,22.75,1604,0.013,4,0,0,0,0,0,1,0,0,254,4,4,0,0,0,0,0,0,0,0,0,0,0,0,0,0,0,0,0,0,0,0,0,0,0,0,0,0,0,1,0,0,0,0,0,0,0,0,0,0,268
46,23.25,1642,0.013,2,0,0,0,0,0,0,0,0,252,0,11,1,0,0,0,0,0,0,0,0,0,0,0,0,0,0,0,0,0,0,0,0,0,0,0,0,0,0,0,0,0,0,0,0,0,1,0,0,0,267
47,23.75,1680,0.013,4,0,0,0,0,0,0,0,0,268,1,6,0,0,0,0,0,0,0,0,0,0,0,0,0,0,0,0,0,0,0,0,0,0,0,0,0,0,0,1,0,0,0,0,0,0,0,0,0,0,280
48,24.25,1718,0.013,3,0,0,0,0,0,0,0,0,269,4,4,0,0,0,0,0,0,0,0,0,0,0,0,0,0,0,0,0,0,0,0,0,0,0,0,0,0,0,0,0,0,0,1,1,0,0,0,0,0,282
49,24.75,1756,0.013,5,0,0,0,0,0,0,0,0,239,0,12,1,2,0,0,0,0,0,0,0,0,0,0,0,0,0,0,0,0,0,0,0,0,0,0,0,0,0,0,0,0,0,0,0,0,1,0,0,0,260
50,25.25,1793,0.014,17,1,0,0,0,0,0,0,0,249,0,4,1,0,0,0,0,0,0,0,0,0,0,0,0,0,0,0,0,0,0,0,0,0,0,0,0,0,1,0,0,0,0,0,0,0,0,0,0,0,273
51,25.75,1828,0.014,5,1,0,0,0,0,0,0,0,213,1,17,3,1,0,0,0,0,0,0,0,0,0,0,0,0,0,0,0,1,0,0,0,0,0,0,0,0,0,1,0,0,0,0,9,0,0,0,0,0,252
52,26.25,1863,0.014,9,0,0,0,0,0,0,0,0,227,0,16,1,2,0,0,0,0,0,0,0,0,0,0,0,0,0,0,0,0,0,0,0,0,0,0,0,0,0,0,0,0,0,0,2,0,0,0,0,0,257
53,26.75,1898,0.014,19,0,0,0,0,0,0,0,0,215,3,13,5,5,0,0,0,0,0,0,0,0,0,0,0,0,0,0,0,0,0,0,0,0,1,0,0,0,0,0,0,0,0,0,0,0,1,0,0,0,262
54,27.25,1933,0.014,10,1,0,0,0,0,0,0,0,216,0,25,4,2,0,0,0,0,0,0,0,0,0,0,0,0,0,0,0,0,0,0,0,0,0,0,0,0,0,0,0,0,0,0,5,0,1,0,0,0,264
55,27.75,1969,0.014,11,0,0,0,0,0,0,0,0,216,0,10,7,20,0,0,0,0,0,0,0,0,0,0,0,0,0,0,0,0,0,0,0,0,1,0,0,0,0,0,0,0,0,0,2,0,0,1,0,0,268
56,28.25,2004,0.014,11,0,0,0,0,0,2,0,0,188,0,10,14,21,0,0,0,0,0,0,0,0,0,0,0,0,0,0,0,0,0,0,0,0,0,0,0,0,0,0,0,0,0,0,3,0,1,0,0,0,250
57,28.75,2039,0.014,15,3,0,0,0,0,2,0,0,181,3,7,26,29,0,0,0,0,0,0,0,0,0,0,0,0,0,0,0,0,0,0,0,0,0,0,0,0,0,1,0,0,0,0,0,0,0,0,0,0,267
58,29.25,2074,0.014,12,1,0,0,0,0,0,0,0,203,4,9,14,8,0,0,0,0,0,0,0,0,0,0,0,0,0,0,0,0,0,0,0,0,0,0,0,0,0,0,0,0,0,0,6,0,1,0,0,0,258
59,29.75,2109,0.014,10,1,0,0,0,0,0,0,0,182,1,10,25,20,0,0,0,0,0,0,0,0,0,0,0,0,0,0,0,0,0,0,0,0,2,0,0,1,2,1,0,0,0,0,3,0,0,0,0,0,258
60,30.25,2143,0.015,12,1,0,0,0,0,0,0,0,205,2,11,19,13,0,0,0,0,0,0,0,0,0,0,0,0,0,0,0,0,0,0,0,0,2,0,0,0,1,0,0,0,0,0,5,0,0,0,0,0,271
61,30.75,2176,0.015,17,2,0,0,0,0,0,0,0,165,1,11,11,14,0,0,0,0,0,0,0,0,0,0,0,0,0,0,0,0,0,0,0,0,1,0,0,0,2,0,0,0,0,0,6,0,1,0,0,0,231
62,31.25,2209,0.015,13,1,0,0,0,0,1,0,0,196,0,15,4,10,0,0,0,0,0,0,0,0,0,0,0,0,0,0,0,0,0,0,0,0,0,0,0,0,5,0,0,0,0,1,3,0,0,0,0,0,249
63,31.75,2242,0.015,22,0,0,0,0,0,0,0,0,178,0,15,8,6,0,0,0,0,0,0,0,0,0,0,0,0,0,0,0,0,0,0,0,0,0,0,0,1,8,0,0,0,0,0,1,0,0,0,0,0,239
64,32.25,2275,0.015,25,3,0,0,0,0,0,0,0,175,4,14,2,12,0,0,0,0,0,0,0,0,0,0,0,0,0,0,0,2,0,0,0,0,0,0,0,2,11,1,0,0,0,0,2,0,1,0,0,0,254
65,32.75,2308,0.015,17,4,0,0,0,0,0,0,0,138,2,19,19,29,0,0,0,0,0,0,0,0,0,0,0,0,0,0,0,0,0,0,0,0,0,0,0,4,17,0,0,0,0,0,2,0,2,0,0,0,253
66,33.25,2341,0.015,20,4,0,0,0,0,0,0,0,161,3,5,18,23,0,0,0,0,0,0,0,0,0,0,0,0,0,0,0,1,0,0,0,0,1,0,0,5,14,1,0,0,0,1,4,0,0,0,0,0,261
67,33.75,2374,0.015,27,4,0,0,0,0,0,0,0,114,3,14,20,31,0,0,0,0,0,0,0,0,0,0,0,0,0,0,0,0,0,0,0,0,0,0,0,1,32,1,0,0,0,1,1,0,2,0,0,0,251
68,34.25,2407,0.015,35,5,0,0,0,0,0,0,0,108,0,6,42,58,0,0,0,0,0,0,0,0,0,0,0,0,0,0,0,0,0,0,0,0,0,0,0,1,17,0,0,0,0,0,0,0,1,0,0,0,273
69,34.75,2440,0.015,20,3,0,0,0,0,0,0,0,156,0,8,27,23,0,0,0,0,0,0,0,0,0,0,0,0,0,0,0,0,0,0,0,0,0,0,0,1,11,0,0,0,0,0,2,0,1,0,0,0,252
70,35.25,2470,0.017,35,3,0,0,0,0,0,0,0,150,4,8,30,26,1,0,0,0,0,0,0,0,0,0,0,0,0,0,0,0,0,0,0,0,1,0,0,0,12,0,0,0,0,0,1,0,0,0,0,0,271
71,35.75,2498,0.018,11,4,0,0,0,0,0,0,0,122,0,5,89,41,0,0,0,0,0,0,0,0,0,0,0,0,0,0,0,0,0,0,0,0,0,0,0,0,6,0,0,0,0,0,1,0,0,0,0,0,279
72,36.25,2527,0.017,24,3,0,0,0,0,2,0,0,156,0,9,23,23,0,0,0,0,0,0,0,0,0,0,0,0,0,0,0,0,0,0,0,0,0,0,0,1,7,1,0,0,0,1,3,0,1,0,0,0,254
73,36.75,2555,0.018,21,3,0,0,0,0,0,0,0,178,2,14,18,6,0,0,0,0,0,0,0,0,0,0,0,0,0,0,0,0,0,0,0,0,0,0,0,2,8,1,0,0,0,0,0,0,0,0,0,0,253
74,37.25,2583,0.018,23,4,0,0,0,0,0,0,0,194,0,9,5,4,0,0,0,0,0,0,0,0,0,0,0,0,0,0,0,0,0,0,0,0,0,0,0,1,5,1,0,0,0,0,1,0,0,0,0,0,247
75,37.75,2611,0.018,18,5,0,0,0,0,1,0,0,174,0,11,4,8,0,0,0,0,0,0,0,0,0,0,0,0,0,0,0,0,0,0,0,0,0,0,0,0,9,0,0,0,0,1,1,0,0,0,0,0,232
76,38.25,2639,0.018,23,3,0,0,0,0,0,0,0,155,1,16,12,8,0,0,0,0,0,0,0,0,0,0,0,0,0,0,0,0,0,0,0,0,0,0,0,0,11,1,0,0,0,0,4,0,1,0,0,0,235
77,38.75,2667,0.018,24,7,0,0,0,0,1,0,0,115,2,24,40,11,1,0,0,0,0,0,0,0,0,0,0,0,0,0,0,0,0,0,0,0,1,0,0,1,17,0,0,0,0,0,1,0,2,0,0,0,247
78,39.25,2695,0.018,38,5,0,0,0,0,0,0,0,128,2,17,14,14,0,0,0,0,0,0,0,0,0,0,0,0,0,0,0,0,0,0,0,0,0,0,0,1,25,0,0,0,0,0,1,0,2,0,0,0,247
79,39.75,2723,0.018,35,5,0,0,0,0,0,0,0,108,1,20,10,6,0,0,0,0,0,0,0,0,0,0,0,0,0,0,0,1,0,0,0,0,0,0,0,2,37,0,0,0,0,0,2,0,1,0,0,0,228
80,40.25,2751,0.018,46,12,0,0,0,0,0,0,0,99,0,16,6,9,0,0,0,0,0,0,0,0,0,0,0,0,0,0,0,0,0,0,0,0,0,0,0,2,30,2,0,0,0,1,4,0,3,0,0,0,230
81,40.75,2779,0.018,30,12,0,0,0,0,0,0,0,95,0,26,21,13,0,0,0,0,0,0,0,0,0,0,0,0,0,0,0,1,0,0,0,0,0,0,0,1,21,1,0,0,0,0,0,0,1,0,0,0,222
82,41.25,2808,0.017,21,11,0,0,0,0,0,0,0,97,0,15,45,16,0,0,0,0,0,0,0,0,0,0,0,0,0,0,0,0,0,0,0,0,0,0,0,0,32,1,0,0,0,0,3,0,1,0,0,0,242
83,41.75,2836,0.018,36,17,0,0,0,0,0,0,0,100,2,13,8,13,0,0,0,0,0,0,0,0,0,0,0,0,0,0,0,0,0,0,0,0,0,0,0,2,54,0,0,0,0,0,0,0,1,0,0,0,246
84,42.25,2864,0.018,39,3,0,0,0,0,0,0,0,113,0,9,8,6,0,0,0,0,0,0,0,0,0,0,0,0,0,0,0,0,0,0,0,0,0,0,0,2,64,0,0,1,0,0,0,0,1,0,0,0,246
85,42.75,2892,0.018,44,12,0,0,0,0,0,0,0,124,2,18,7,5,0,0,0,0,0,0,0,0,0,0,0,0,0,0,0,0,0,0,0,0,0,0,0,2,31,0,0,0,0,0,8,0,2,0,0,0,255
86,43.25,2920,0.018,45,5,0,0,0,0,0,0,0,177,3,3,2,3,0,0,0,0,0,0,0,0,0,0,0,0,0,0,0,0,0,0,0,0,0,0,0,10,46,0,0,0,0,0,1,0,1,0,0,0,296
87,43.75,2948,0.018,32,4,2,0,0,0,0,0,0,147,0,6,4,6,0,0,0,0,0,0,0,0,0,0,0,0,0,0,0,0,0,0,0,0,0,0,0,7,48,0,0,0,0,0,1,0,1,0,0,0,258
88,44.25,2977,0.017,27,6,2,0,0,0,0,0,0,139,0,6,5,2,0,0,0,0,0,0,0,0,0,0,0,0,0,0,0,0,0,0,0,0,0,0,0,1,90,0,0,0,0,0,0,0,0,0,0,0,278
89,44.75,3005,0.018,32,6,1,0,0,0,0,0,0,149,2,14,5,16,0,0,0,0,0,0,0,0,0,0,0,0,0,0,0,0,0,0,0,0,0,0,0,0,29,0,0,0,0,0,3,0,0,0,0,0,257
90,45.25,3040,0.014,51,4,0,0,0,0,1,0,0,112,2,23,7,11,0,0,0,0,0,0,0,0,0,0,0,0,0,0,0,0,0,0,0,0,0,0,0,0,49,0,0,0,0,0,1,0,0,0,0,0,261
91,45.75,3084,0.011,71,7,0,0,0,0,1,0,0,81,0,24,18,8,0,0,0,0,0,0,0,0,0,0,0,0,0,0,0,0,0,0,0,0,0,0,0,1,36,0,0,0,0,0,2,0,1,0,0,0,250
92,46.25,3127,0.012,52,10,1,0,0,0,2,0,0,123,2,30,5,18,0,0,0,0,0,0,0,0,0,0,0,0,0,0,0,0,0,0,0,0,0,0,0,0,38,0,0,0,0,0,0,0,1,1,0,0,283
93,46.75,3170,0.012,48,12,0,0,0,0,0,0,0,86,0,33,5,15,0,0,0,0,0,0,0,0,0,0,0,0,0,0,0,0,0,0,0,0,0,0,0,0,64,0,0,0,0,0,2,0,0,0,0,0,265
94,47.25,3214,0.011,40,13,2,0,0,0,1,0,0,78,0,16,3,0,0,0,0,0,0,0,0,0,0,0,0,0,0,0,0,0,0,0,0,0,0,0,0,1,88,1,0,0,0,0,2,0,0,0,0,0,245
95,47.75,3257,0.012,42,17,1,0,0,0,0,0,0,97,1,9,3,3,0,0,0,0,0,0,0,0,0,0,0,0,0,0,0,0,0,0,0,0,1,0,0,0,87,0,0,0,0,0,1,0,0,0,0,0,262
96,48.25,3300,0.012,27,14,0,0,0,0,0,0,0,115,0,7,0,2,0,0,0,0,0,0,0,0,0,0,0,0,0,0,0,0,0,0,0,0,0,0,0,1,88,1,0,0,0,0,2,0,1,2,0,0,260
97,48.75,3344,0.011,30,15,0,0,0,0,7,0,0,95,1,21,0,3,3,0,0,0,0,0,0,0,0,0,0,0,0,0,0,0,0,0,0,0,0,0,0,1,71,0,0,0,0,0,2,0,2,0,0,0,251
98,49.25,3387,0.012,20,17,0,0,0,0,1,0,0,108,0,8,3,0,1,0,0,0,0,0,0,0,0,0,0,0,0,0,0,0,0,0,0,0,0,0,0,2,73,0,0,0,0,0,0,0,2,0,0,0,235
99,49.75,3430,0.012,18,19,1,0,0,0,0,0,0,129,1,14,4,1,0,0,0,0,0,0,0,0,0,0,0,0,0,0,0,0,0,0,0,0,0,0,0,1,58,1,0,0,0,0,4,0,2,0,0,0,253
100,50.25,3472,0.012,20,16,0,0,0,0,0,0,0,127,0,11,2,3,0,0,0,0,0,0,0,0,0,0,0,0,0,0,0,0,0,0,0,0,0,0,0,0,57,0,0,0,0,0,1,0,2,0,0,0,239
101,50.75,3511,0.013,33,10,0,0,0,0,1,0,0,133,1,8,1,9,0,0,0,0,0,0,0,0,0,0,0,0,0,0,0,0,0,0,0,0,0,0,0,2,37,0,0,0,0,0,2,0,0,0,0,0,237
102,51.25,3550,0.013,30,6,1,0,0,0,3,0,0,113,3,4,0,1,0,0,0,0,0,0,0,0,0,0,0,0,0,0,0,0,0,0,0,0,0,0,0,0,72,3,0,0,0,0,0,0,1,0,0,0,237
103,51.75,3590,0.013,36,9,2,0,0,0,2,0,0,78,1,19,7,12,0,0,0,0,0,0,0,0,0,0,0,0,0,0,0,0,0,0,0,0,0,0,0,0,87,1,0,0,0,0,1,0,2,0,0,0,257
104,52.25,3629,0.013,31,7,0,0,0,0,6,0,0,81,1,13,5,5,0,0,0,0,0,0,0,0,0,0,0,0,0,0,0,0,0,0,0,0,0,0,0,1,115,0,0,0,0,0,1,0,0,0,0,0,266
105,52.75,3668,0.013,31,10,0,0,0,0,4,0,0,43,1,16,12,22,1,0,0,0,0,0,0,0,0,0,0,0,0,0,0,0,0,0,0,0,0,0,0,0,117,0,0,0,0,0,3,0,0,0,0,0,260
106,53.25,3707,0.013,30,19,1,0,0,0,2,0,0,54,1,15,21,22,0,0,0,0,0,0,0,0,0,0,0,0,0,0,0,0,0,0,0,0,0,0,0,0,104,0,1,0,0,0,0,0,2,0,1,0,273
107,53.75,3747,0.013,29,18,0,0,0,0,2,0,0,46,2,8,10,17,1,0,0,0,0,0,0,0,0,0,0,0,0,0,0,0,0,0,0,0,0,0,0,0,107,0,0,0,0,0,3,0,1,0,0,0,244
108,54.25,3786,0.013,17,17,0,0,0,0,5,0,0,49,0,15,5,7,1,0,0,0,0,0,0,1,0,0,0,0,0,0,0,0,0,0,0,0,0,0,0,0,129,0,0,0,0,0,2,0,3,0,0,0,251
109,54.75,3825,0.013,19,7,1,0,0,0,2,0,0,47,0,13,5,4,0,0,0,0,0,0,0,0,0,0,0,0,0,0,0,0,0,0,0,0,0,0,0,1,137,0,1,0,0,0,1,0,0,0,0,0,238
110,55.25,3868,0.012,39,18,3,0,0,0,2,0,0,48,2,9,4,4,1,0,0,0,0,0,0,0,0,0,0,0,0,0,0,0,0,0,0,0,0,0,0,0,129,1,0,0,0,0,0,0,0,0,0,0,260
111,55.75,3914,0.011,14,18,1,0,0,0,10,0,0,52,2,16,13,22,5,0,0,0,0,0,0,0,0,0,0,0,0,0,0,0,0,0,0,0,0,0,0,0,82,0,2,0,0,0,2,0,3,2,0,0,244
112,56.25,3960,0.011,27,14,0,0,0,0,15,0,0,77,0,42,3,5,1,0,0,0,0,0,0,0,0,0,0,0,0,0,0,0,1,0,0,0,0,0,5,0,61,1,1,0,0,0,2,0,1,0,0,0,256
113,56.75,4006,0.011,32,9,0,0,0,1,4,0,0,65,1,17,8,6,1,0,0,0,0,0,0,0,0,0,0,0,0,0,0,0,0,0,0,0,0,0,0,0,76,0,2,0,0,0,0,0,0,0,0,0,222
114,57.25,4053,0.011,19,9,0,0,0,1,3,0,0,57,1,19,1,4,0,0,0,0,0,0,0,0,0,0,0,0,0,0,0,0,0,0,0,0,0,0,0,1,103,0,0,0,0,0,1,0,0,0,0,0,219
115,57.75,4099,0.011,16,21,0,0,0,1,5,0,0,79,0,15,15,3,1,0,0,0,0,0,0,0,0,0,0,0,0,0,0,0,0,0,0,0,0,0,0,0,74,1,1,0,0,0,0,0,0,0,1,0,233
116,58.25,4145,0.011,20,33,0,0,0,0,4,0,0,52,0,24,9,4,0,0,0,0,0,0,0,0,0,0,0,0,0,0,0,0,0,0,0,0,0,0,0,1,101,0,0,0,0,0,1,0,0,0,0,0,249
117,58.75,4191,0.011,26,31,0,0,0,0,6,0,0,55,0,23,16,19,1,0,0,0,0,0,0,0,1,0,0,0,0,0,0,0,0,0,0,0,0,0,0,1,71,0,1,0,0,0,1,0,0,0,0,0,252
118,59.25,4237,0.011,26,23,0,0,0,0,8,0,0,64,0,24,10,3,0,0,0,0,0,0,0,0,0,0,0,0,0,0,0,1,0,0,0,0,0,0,0,1,64,1,0,1,0,0,0,0,1,0,0,0,227
119,59.75,4283,0.011,25,14,0,0,0,0,1,0,0,78,0,18,33,19,0,0,0,0,0,0,0,0,0,0,0,0,0,0,0,0,0,0,0,0,0,0,0,1,37,0,1,0,0,1,0,0,0,0,0,0,228
120,60.25,4327,0.011,23,13,0,0,0,0,12,0,0,92,1,33,2,3,1,0,0,0,0,0,0,0,0,0,0,0,0,0,0,0,0,0,0,0,0,0,0,1,59,0,0,0,0,0,1,0,0,0,0,0,241
121,60.75,4368,0.012,16,6,0,0,0,0,2,0,0,82,0,27,0,0,0,0,0,0,0,0,0,0,0,0,0,0,0,0,0,0,0,0,0,0,0,0,0,0,119,1,0,0,0,0,2,0,0,0,0,0,255
122,61.25,4409,0.012,25,14,0,0,0,0,5,0,0,103,5,32,3,1,0,0,0,0,0,0,0,0,0,0,0,0,0,0,0,0,0,0,0,0,0,0,0,0,68,1,1,0,0,0,0,0,2,0,0,0,260
123,61.75,4450,0.012,18,10,0,0,0,0,10,0,0,133,2,26,2,0,1,0,0,0,0,0,0,0,0,0,0,0,0,0,0,0,0,0,0,0,0,0,0,0,46,0,0,0,0,0,0,0,0,0,0,0,248
124,62.25,4491,0.012,39,16,0,0,2,0,3,1,0,107,2,26,1,0,1,0,0,0,0,0,0,1,0,0,0,0,0,0,0,1,0,0,0,0,0,0,0,0,44,0,1,0,0,0,1,0,0,0,0,0,246
125,62.75,4532,0.012,16,9,0,0,0,0,8,0,0,115,0,33,3,0,0,0,0,0,0,0,0,0,0,0,0,0,0,0,0,0,0,0,0,0,0,0,0,0,27,0,1,0,0,0,2,0,0,0,0,0,214
126,63.25,4573,0.012,20,10,0,0,0,0,2,0,0,133,1,29,1,0,0,0,0,0,0,0,0,0,0,0,0,0,0,0,0,1,0,0,0,0,0,0,0,1,43,0,1,0,0,0,0,0,0,0,0,0,242
127,63.75,4614,0.012,21,16,0,0,0,0,8,0,0,92,0,29,3,1,0,0,0,0,0,0,0,0,0,0,0,0,0,0,0,0,0,0,0,0,0,0,0,1,42,1,0,0,0,1,2,0,0,0,0,0,217
128,64.25,4655,0.012,29,15,2,0,0,0,5,0,0,161,2,26,0,0,0,0,0,0,0,0,0,0,0,0,0,0,0,0,0,0,0,0,0,0,0,0,0,0,3,0,0,0,0,0,0,0,1,0,0,0,244
129,64.75,4696,0.012,19,15,1,0,0,0,11,0,0,139,1,26,3,2,0,0,0,0,0,0,0,0,0,0,0,0,0,0,0,1,0,0,0,0,0,0,0,0,8,0,2,0,0,0,7,0,2,0,0,0,237
130,65.25,4738,0.012,19,20,0,2,0,0,11,0,0,144,2,24,2,2,2,0,0,0,0,0,0,0,0,0,0,0,0,0,0,0,0,0,0,0,0,0,0,0,7,0,2,0,0,0,5,0,0,0,0,0,242
131,65.75,4781,0.012,13,16,1,0,0,0,2,0,0,127,1,20,21,5,0,0,0,0,0,0,0,0,0,0,0,0,0,0,0,0,0,0,0,0,0,0,0,0,29,0,0,0,0,0,0,0,1,0,0,0,236
132,66.25,4825,0.011,23,25,1,0,0,0,6,0,0,115,5,8,1,1,1,0,0,0,0,0,0,0,0,0,0,0,0,0,0,0,0,0,0,0,0,0,0,0,48,0,1,0,0,0,0,0,1,0,0,0,236
133,66.75,4868,0.012,20,25,0,0,0,0,12,0,0,131,0,11,1,0,0,0,0,0,0,0,0,0,0,0,0,0,0,0,0,0,0,0,0,0,0,0,0,0,46,0,0,0,0,0,0,0,0,0,0,0,246
134,67.25,4911,0.012,13,12,0,0,0,0,11,0,0,112,1,13,0,1,0,0,0,0,0,0,0,0,0,0,0,0,0,0,0,0,0,0,0,0,0,0,0,0,95,0,0,0,0,0,1,0,0,0,0,0,259
135,67.75,4954,0.012,44,19,0,1,0,0,10,0,0,132,0,8,3,1,0,0,0,0,0,0,0,0,0,0,0,0,0,0,0,0,0,0,0,0,0,1,0,0,34,0,0,0,0,0,1,0,0,0,0,0,254
136,68.25,4997,0.012,21,22,0,0,0,0,5,0,0,138,2,17,3,0,2,0,0,0,0,0,0,0,0,0,0,0,0,0,0,0,0,0,0,0,0,0,0,0,31,0,0,0,0,0,0,0,0,1,0,0,242
137,68.75,5040,0.012,18,24,0,1,0,0,9,0,0,113,0,17,4,5,3,0,0,0,0,0,0,0,0,0,0,0,0,0,0,0,0,0,0,0,0,0,0,1,65,0,0,0,0,0,1,0,0,0,0,0,261
138,69.25,5083,0.012,18,15,0,0,0,0,8,0,0,68,0,8,2,9,3,0,0,0,0,0,0,0,0,0,0,0,0,0,0,0,0,0,0,0,0,0,0,1,62,1,0,0,0,0,0,0,1,0,0,0,196
139,69.75,5126,0.012,11,20,0,0,0,0,6,0,0,96,0,20,0,5,5,0,0,0,0,0,0,0,0,0,0,0,0,0,0,1,0,0,0,0,0,0,0,0,59,1,0,0,0,0,0,0,0,0,0,0,224
140,70.25,5161,0.014,16,35,0,0,0,0,7,0,0,79,1,35,3,4,4,0,0,0,0,0,0,0,0,0,0,0,0,0,0,0,0,0,0,0,0,0,0,1,33,0,0,0,0,0,3,0,0,0,0,0,221
141,70.75,5188,0.019,14,49,0,0,0,0,11,0,0,87,0,33,12,4,12,0,0,0,0,0,0,0,0,0,0,0,0,0,0,0,0,0,0,0,0,0,0,0,35,0,0,0,0,0,0,0,3,0,0,0,260
142,71.25,5215,0.019,24,53,0,0,0,0,11,0,0,62,0,32,5,11,10,0,0,0,0,0,0,1,0,0,0,0,0,0,0,0,0,0,0,0,0,0,0,0,30,0,0,0,0,0,1,0,0,0,0,0,240
143,71.75,5241,0.019,22,21,0,0,0,0,4,0,0,84,0,19,0,0,21,0,0,0,0,0,0,0,0,0,0,0,0,0,0,0,0,0,0,0,0,0,0,0,59,0,0,0,0,0,1,0,3,0,0,0,234
144,72.25,5268,0.019,23,26,0,0,0,0,14,0,0,59,0,18,4,2,15,0,0,0,0,0,0,0,0,0,0,0,0,0,0,0,0,0,0,0,1,0,0,1,65,0,1,0,0,0,1,0,1,0,0,0,231
145,72.75,5295,0.019,35,19,1,0,0,0,21,0,0,98,0,19,1,1,16,0,0,0,0,0,0,0,0,0,0,0,0,0,0,0,0,0,0,0,0,0,0,0,39,0,0,0,0,0,1,0,1,0,0,0,252
146,73.25,5322,0.019,47,18,0,0,0,0,4,0,0,113,0,10,0,0,27,0,0,0,0,0,0,0,0,0,0,0,0,0,0,0,0,0,0,0,0,0,0,0,37,0,0,0,0,0,0,0,2,0,0,0,258
147,73.75,5349,0.019,40,13,0,0,2,0,2,0,0,110,0,12,1,0,36,0,0,0,0,0,0,0,0,0,0,0,0,0,0,0,0,0,0,0,0,0,0,0,47,0,0,0,0,0,2,0,0,0,0,0,265
148,74.25,5375,0.019,38,9,0,0,0,0,5,0,0,88,0,16,0,0,33,0,0,0,0,0,0,0,0,0,0,0,0,0,0,0,0,0,0,0,0,0,0,0,73,0,0,0,0,0,2,0,0,0,0,0,264
149,74.75,5402,0.019,38,8,0,0,0,0,6,0,0,114,0,17,1,1,27,0,0,0,0,0,0,0,0,0,0,0,0,0,0,0,0,0,0,0,0,0,0,2,50,0,0,0,0,0,5,0,0,0,0,0,269
150,75.25,5429,0.019,22,5,0,0,1,0,3,0,0,102,0,12,2,1,38,0,0,0,0,0,0,0,0,0,0,0,0,2,0,0,0,0,0,0,0,0,0,0,63,0,0,0,0,0,6,0,0,0,0,0,257
151,75.75,5456,0.019,30,29,0,0,2,0,9,0,0,100,0,17,0,2,27,0,0,0,0,0,0,0,0,0,0,0,0,0,0,0,0,0,0,0,0,0,0,0,54,0,0,0,0,0,2,0,0,0,0,0,272
152,76.25,5483,0.019,33,15,0,0,1,0,11,0,0,60,0,21,0,0,18,0,0,0,0,0,0,0,0,0,0,0,0,0,0,0,0,0,0,0,0,0,0,0,96,0,0,0,0,0,0,0,1,0,0,0,256
153,76.75,5510,0.019,23,12,0,0,4,0,23,0,0,84,0,16,1,0,18,0,0,0,0,0,0,0,0,0,0,0,0,0,0,0,0,0,0,0,0,0,0,0,76,0,0,0,0,0,2,0,0,0,0,0,259
154,77.25,5537,0.019,37,13,0,0,0,0,26,0,0,92,0,12,0,1,22,0,0,0,0,0,0,0,1,0,0,0,0,0,0,0,0,0,0,0,0,0,0,1,70,0,0,0,0,0,0,0,0,0,0,0,275
155,77.75,5564,0.019,34,20,0,0,0,0,16,0,0,98,0,19,0,0,10,0,0,0,0,0,0,0,0,0,0,0,0,0,0,0,0,0,0,0,0,0,0,0,67,0,0,0,0,0,2,0,0,0,0,0,266
156,78.25,5591,0.019,31,9,0,0,0,0,14,0,0,95,0,16,1,0,13,0,0,0,0,0,0,0,0,0,0,0,0,0,0,0,0,0,0,0,0,0,0,1,85,0,0,0,0,0,2,0,0,0,0,0,267
157,78.75,5618,0.019,26,29,0,0,0,0,11,0,0,80,0,16,1,0,19,0,0,0,0,0,0,0,0,0,0,0,0,0,0,0,0,0,0,0,0,0,0,1,85,0,0,0,0,0,1,0,0,0,0,0,269
158,79.25,5644,0.019,39,17,0,0,0,0,15,0,0,69,0,24,0,0,14,0,0,0,0,0,0,0,0,0,0,0,0,0,0,0,0,0,0,0,0,0,0,0,81,0,0,0,0,0,3,0,0,0,0,0,262
159,79.75,5671,0.019,47,23,0,0,0,0,12,0,0,85,0,7,0,1,21,0,0,0,0,0,0,0,0,0,0,0,0,0,0,0,0,0,0,0,0,0,0,0,81,0,0,0,0,0,0,0,0,0,0,0,277
160,80.25,5698,0.019,58,29,0,0,1,0,8,0,0,78,0,13,1,0,10,0,0,0,0,0,0,0,0,0,0,0,0,0,0,0,0,0,0,0,0,0,0,1,71,0,0,0,0,0,2,0,0,0,0,0,272
161,80.75,5725,0.019,57,15,0,0,0,0,13,0,0,87,0,13,0,0,11,0,0,0,0,0,0,0,0,0,0,0,0,0,0,1,0,0,0,0,0,0,0,1,49,0,0,0,0,0,5,0,0,0,0,0,252
162,81.25,5751,0.019,68,15,0,0,0,0,12,0,0,94,4,14,0,0,10,0,0,0,0,0,0,0,0,0,0,0,0,0,0,0,0,0,0,0,0,0,0,0,40,0,0,0,0,0,1,0,0,0,0,0,258
163,81.75,5778,0.019,65,17,0,0,0,0,8,0,0,95,0,17,0,0,11,0,0,0,0,0,0,0,0,0,0,0,0,0,0,0,0,0,0,0,0,0,0,0,38,0,0,0,0,0,1,0,0,0,0,0,252
164,82.25,5804,0.019,56,21,0,0,0,0,10,0,0,64,0,11,4,0,11,0,0,0,0,0,0,0,0,0,0,0,0,0,0,0,0,0,0,0,0,0,0,1,73,0,0,0,0,0,1,0,0,0,0,0,252
165,82.75,5831,0.019,51,32,0,0,2,0,17,0,0,90,0,6,0,0,10,0,0,0,0,0,0,0,0,0,0,0,0,0,0,0,0,0,0,0,0,0,0,0,63,2,0,0,0,0,1,0,0,0,0,0,274
166,83.25,5857,0.019,44,40,0,0,0,0,18,0,0,54,0,32,0,0,4,0,0,0,0,0,0,0,0,0,0,0,0,0,0,0,0,0,0,0,0,0,0,0,26,0,0,0,0,0,6,0,1,0,0,0,225
167,83.75,5884,0.019,39,38,0,0,1,0,5,0,0,60,0,16,0,0,4,0,0,0,0,0,0,0,0,0,0,0,0,0,0,0,0,0,0,0,0,0,0,0,89,0,0,0,0,0,1,0,1,0,0,0,254
168,84.25,5910,0.019,46,37,0,0,0,0,10,0,0,45,0,18,0,0,10,0,0,0,0,0,0,0,0,1,0,0,0,0,0,0,0,0,0,0,0,0,0,0,71,0,0,0,0,0,1,0,0,0,0,0,239
169,84.75,5937,0.019,44,30,0,0,0,0,16,0,0,35,0,17,0,0,14,0,0,0,0,0,0,0,0,0,0,0,0,0,0,0,0,0,0,0,0,0,0,0,87,0,0,0,0,0,2,0,0,0,0,0,245
170,85.25,5962,0.02,48,21,0,0,0,0,10,0,0,44,0,17,0,0,9,0,0,0,0,0,0,0,0,0,0,0,0,0,0,0,0,0,0,0,0,0,0,0,95,0,0,0,0,0,0,0,0,0,0,0,244
171,85.75,5985,0.022,40,51,0,0,2,0,10,0,0,34,0,28,0,0,8,0,0,0,0,0,0,0,0,1,0,0,0,0,0,0,0,0,0,0,0,0,0,0,70,0,0,0,0,0,2,0,0,0,1,0,247
172,86.25,6009,0.021,39,61,0,0,0,0,9,0,0,71,0,24,0,0,13,0,0,0,0,0,0,0,0,1,0,0,0,0,0,0,0,0,0,0,0,0,0,0,34,0,0,0,0,0,2,0,0,0,0,0,254
173,86.75,6032,0.022,42,67,0,0,1,0,9,0,0,52,0,12,0,0,17,0,0,0,0,0,0,0,0,0,0,0,0,0,0,0,0,0,0,0,0,0,0,0,35,0,0,0,0,0,2,0,0,0,0,0,237
174,87.25,6056,0.021,70,28,0,0,0,0,15,0,0,76,0,16,0,0,15,0,0,0,0,0,0,0,0,1,0,0,0,0,0,0,0,0,0,0,0,0,0,0,40,0,0,0,0,0,3,0,0,0,0,0,264
175,87.75,6079,0.022,40,29,0,0,1,0,16,0,0,88,0,11,0,0,10,0,0,0,0,0,0,0,0,0,0,0,0,0,0,0,0,0,0,0,0,0,0,0,62,0,0,0,0,0,5,0,0,0,0,0,262
176,88.25,6103,0.021,60,12,0,0,0,0,16,0,0,87,1,12,0,0,14,0,0,0,0,0,0,0,0,0,0,0,0,0,0,0,2,0,0,0,1,0,1,1,49,0,0,0,0,0,0,0,0,0,0,0,256
177,88.75,6126,0.022,52,15,0,0,2,0,14,0,0,84,0,19,0,0,18,0,0,0,0,0,0,0,0,0,0,0,0,0,0,0,0,0,0,0,0,1,0,0,58,0,0,0,0,0,0,0,0,0,0,0,263
178,89.25,6150,0.021,51,13,0,0,0,0,12,0,0,93,2,13,0,0,18,0,0,0,0,0,0,0,0,1,0,0,0,0,0,0,0,0,0,0,0,0,0,0,60,0,0,0,0,0,2,0,0,0,0,0,265
179,89.75,6173,0.022,37,84,0,0,1,0,3,0,0,37,0,77,0,1,2,0,0,0,0,0,0,0,0,0,0,0,0,0,0,0,0,0,0,0,0,0,0,0,0,0,0,0,0,0,7,0,0,0,0,0,249
180,90.25,6202,0.017,33,59,0,0,0,0,3,1,0,33,0,83,0,0,1,0,0,0,0,0,0,0,0,0,0,0,0,0,0,0,0,0,0,0,0,0,0,1,1,1,0,0,0,0,17,0,0,0,0,0,233
181,90.75,6236,0.015,32,54,0,0,0,0,11,0,0,41,0,91,0,0,1,0,0,0,0,0,0,0,0,1,0,0,0,2,0,0,0,0,0,0,0,0,1,0,0,1,0,0,0,0,1,0,0,0,0,0,236
182,91.25,6270,0.015,21,81,0,0,0,0,17,0,0,42,0,66,0,0,2,0,0,0,0,0,0,0,0,0,0,0,0,0,0,0,0,0,0,0,0,0,0,0,1,0,0,1,0,0,3,0,0,0,0,0,234
183,91.75,6304,0.015,9,45,0,0,0,0,36,0,0,34,0,101,0,0,0,0,0,0,0,0,0,0,0,0,0,0,0,2,0,0,0,0,0,0,0,0,0,1,0,0,0,0,0,0,4,1,0,0,0,0,233
184,92.25,6338,0.015,12,40,0,0,0,0,38,0,0,35,1,102,0,0,0,0,0,0,0,0,0,0,0,0,0,0,0,0,0,0,0,0,0,0,0,0,0,0,0,0,0,0,0,0,4,0,0,0,0,0,232
185,92.75,6372,0.015,25,60,0,0,0,0,31,0,0,34,0,77,0,0,0,0,0,0,0,0,0,0,0,0,0,0,0,0,0,0,0,0,0,0,0,0,0,1,2,0,0,0,0,0,3,0,0,0,0,0,233
186,93.25,6406,0.015,23,72,0,0,0,0,25,1,0,35,0,78,0,0,2,0,0,0,0,0,0,0,0,2,0,0,0,0,0,0,0,0,0,0,0,0,0,1,2,0,0,0,0,0,3,0,0,0,0,0,244
187,93.75,6440,0.015,22,78,0,0,0,0,22,0,0,21,0,57,0,0,1,0,0,0,0,0,0,0,0,0,0,0,0,0,0,0,0,0,0,0,0,0,5,0,1,0,0,0,0,0,2,0,12,0,0,0,221
188,94.25,6474,0.015,15,74,0,0,0,0,30,0,5,33,0,43,2,0,0,0,0,0,0,0,0,0,0,0,0,0,0,0,0,1,0,0,0,0,0,0,10,0,1,0,0,0,0,0,4,1,20,0,0,0,239
189,94.75,6508,0.015,24,67,1,0,0,0,41,0,2,45,0,51,0,0,0,0,0,0,0,0,0,0,0,0,0,0,0,0,0,0,0,0,0,0,0,0,9,0,1,1,0,0,0,0,2,0,9,2,1,0,256
190,95.25,6542,0.015,32,38,0,2,0,0,25,0,1,46,0,67,2,0,0,0,0,0,0,0,0,0,0,0,0,0,0,0,0,0,0,0,0,0,0,0,10,1,0,0,0,0,0,0,0,0,12,0,0,0,236
191,95.75,6576,0.015,31,47,0,0,0,0,18,0,0,29,0,97,0,0,0,0,0,0,0,0,0,0,0,0,0,0,0,0,0,0,0,0,0,0,0,0,20,2,0,0,0,0,0,0,0,0,9,0,1,0,254
192,96.25,6610,0.015,39,33,0,0,0,0,24,0,0,55,0,72,0,0,0,0,0,0,0,0,0,0,0,0,0,0,0,0,0,0,0,0,0,0,0,0,10,0,0,0,0,0,0,0,0,0,15,0,0,0,248
193,96.75,6644,0.015,33,29,0,0,0,0,25,0,0,43,0,75,0,0,0,0,0,0,0,0,0,0,0,0,0,0,0,0,0,0,0,0,0,0,2,0,17,0,0,0,0,0,0,0,1,0,24,0,0,0,249
194,97.25,6678,0.015,34,43,2,0,0,0,12,0,0,57,0,71,0,0,0,0,0,0,0,0,0,0,0,0,0,0,0,0,0,0,0,0,0,0,0,0,11,1,0,0,0,0,0,0,8,0,11,0,0,0,250
195,97.75,6712,0.015,29,20,3,0,0,0,13,0,0,59,0,116,0,0,0,0,0,0,0,0,0,0,0,0,0,0,0,0,0,0,0,0,0,0,0,0,12,0,0,0,0,0,0,0,1,0,9,0,0,0,262
196,98.25,6745,0.015,35,17,0,0,0,1,18,0,0,60,0,86,0,0,0,0,0,0,0,0,0,0,0,0,0,0,0,0,0,0,0,0,0,0,0,0,27,0,1,0,0,0,0,0,3,0,10,0,0,0,258
197,98.75,6779,0.015,46,11,0,0,0,0,15,0,0,61,0,104,0,0,0,0,0,0,0,0,0,0,0,0,0,0,0,0,0,0,0,0,0,0,0,0,28,0,0,0,0,0,0,0,1,0,16,0,0,0,282
198,99.25,6813,0.015,37,17,0,0,0,0,13,0,0,50,0,95,0,0,0,0,0,0,0,0,0,0,0,0,0,0,0,0,0,0,0,0,0,0,0,0,31,0,0,0,0,0,0,0,0,0,17,2,0,0,262
199,99.75,6847,0.015,53,29,4,0,0,0,8,0,0,32,0,110,0,0,0,0,0,0,0,0,0,0,0,0,0,0,0,0,0,0,0,0,0,0,0,0,17,0,0,0,0,0,0,0,0,0,10,0,0,0,263
200,100.25,6879,0.016,28,45,0,0,0,0,12,0,0,50,0,72,0,0,0,0,0,0,0,0,0,0,0,0,0,0,0,0,0,1,0,0,0,0,0,0,33,0,2,0,0,0,0,0,1,0,10,0,0,0,254
201,100.75,6910,0.016,21,14,0,0,0,0,9,0,0,63,0,111,0,0,0,0,0,0,0,0,0,0,0,0,0,0,0,0,0,0,0,2,0,0,0,0,22,2,1,0,0,0,0,0,2,0,14,0,0,0,261
202,101.25,6941,0.016,20,27,0,0,0,0,21,0,0,69,0,104,1,0,0,0,0,0,0,0,0,0,0,0,0,0,0,0,0,0,0,3,0,0,0,0,14,0,0,0,0,0,0,0,0,0,12,0,0,0,271
203,101.75,6972,0.016,19,22,0,0,0,0,38,0,2,85,0,73,4,0,0,0,0,0,0,0,0,0,0,0,0,0,0,0,0,0,0,2,0,0,0,0,11,0,0,0,0,0,0,0,1,0,18,0,0,0,275
204,102.25,7003,0.016,23,19,0,0,0,0,84,0,0,47,0,47,1,0,0,0,0,0,0,0,0,0,0,0,0,0,0,0,0,0,0,0,0,0,0,0,12,0,3,1,0,0,0,0,1,0,26,0,0,0,264
205,102.75,7034,0.016,31,26,0,0,0,0,40,0,1,68,0,67,0,0,0,0,0,0,0,0,0,0,0,0,0,0,0,0,0,0,0,1,0,0,0,0,9,0,2,0,0,0,0,0,2,0,15,0,0,0,262
206,103.25,7064,0.017,41,19,0,0,0,0,32,0,0,63,0,52,3,0,0,0,0,0,0,0,0,0,0,0,0,0,0,0,0,0,0,1,0,0,0,0,16,1,0,0,0,0,0,0,3,0,18,0,0,0,249
207,103.75,7095,0.016,36,33,0,0,0,0,33,0,0,73,0,47,0,0,0,0,0,0,0,0,0,0,0,0,0,0,0,0,0,1,0,0,0,0,0,0,12,0,4,0,0,0,0,0,4,0,9,0,0,0,252
208,104.25,7126,0.016,79,39,0,0,0,0,24,0,0,53,2,47,0,0,0,0,0,0,0,0,0,0,0,0,0,0,0,0,0,0,0,0,2,0,0,0,10,0,13,0,0,0,0,0,2,0,6,0,0,0,277
209,104.75,7157,0.016,65,52,0,0,0,0,20,0,0,52,1,56,0,0,0,0,0,0,0,0,0,0,0,0,0,0,0,0,0,0,0,0,0,0,1,0,3,1,15,0,0,0,0,0,0,0,8,0,0,0,274
210,105.25,7182,0.02,46,80,0,0,0,0,21,0,0,38,0,57,0,0,0,0,0,0,0,0,0,0,0,0,0,0,0,0,0,0,0,0,0,0,0,0,11,0,7,0,0,0,0,0,0,0,8,0,0,0,268
211,105.75,7202,0.025,22,75,0,0,0,0,16,0,0,58,0,73,0,0,0,0,0,0,0,0,0,0,0,0,0,0,0,0,0,0,0,0,0,0,0,0,11,0,7,1,0,0,0,0,0,0,9,0,0,0,272
212,106.25,7221,0.026,36,46,0,1,0,0,11,0,0,66,1,70,0,0,0,0,0,0,0,0,0,0,0,0,0,0,0,0,0,0,0,0,0,0,0,0,19,0,5,0,0,0,0,0,1,0,11,0,0,0,267
213,106.75,7241,0.025,27,33,1,0,0,0,29,0,1,65,0,58,0,0,0,0,0,0,0,0,0,0,0,0,0,0,0,0,0,0,0,0,0,0,0,0,20,1,3,0,0,0,0,0,0,0,16,0,1,0,255
214,107.25,7261,0.025,42,52,0,0,0,0,26,0,2,57,1,50,0,0,0,0,0,0,0,0,0,0,0,0,0,0,0,0,0,0,0,0,0,0,0,0,15,0,0,0,0,0,0,0,0,0,17,0,1,0,263
215,107.75,7280,0.026,34,61,0,0,0,0,23,0,0,65,0,49,0,0,0,0,0,0,0,0,0,0,0,0,0,0,0,0,0,0,0,0,0,0,0,0,7,0,2,0,0,0,0,0,2,0,23,0,0,0,266
216,108.25,7300,0.025,27,67,0,0,0,0,13,0,0,61,0,56,0,0,0,0,0,0,0,0,0,0,0,0,0,0,0,0,0,0,0,0,0,0,0,0,13,0,4,0,0,0,0,0,4,0,21,0,0,0,266
217,108.75,7320,0.025,39,37,0,0,0,0,17,0,0,83,0,59,0,0,0,0,0,0,0,0,0,0,0,0,0,0,0,0,0,0,0,0,0,0,0,0,18,0,3,0,0,0,0,0,0,0,20,0,0,0,276
218,109.25,7339,0.026,26,31,0,0,0,0,29,0,0,60,0,81,0,0,0,0,0,0,0,0,0,0,0,0,0,0,0,0,0,0,0,0,1,0,0,0,15,0,4,0,0,0,0,0,1,0,18,0,0,0,266
219,109.75,7359,0.025,39,39,0,0,0,0,20,0,0,58,0,74,0,0,0,0,0,0,0,0,0,0,0,0,0,0,0,0,0,0,0,0,0,0,0,0,11,0,0,0,0,0,0,0,1,0,23,0,0,0,265
220,110.25,7379,0.025,43,33,0,0,0,0,32,0,0,43,0,62,0,0,1,0,0,0,0,0,1,0,0,0,0,0,0,0,0,0,0,0,0,0,0,0,17,0,6,0,0,0,0,0,2,0,14,2,0,0,256
221,110.75,7398,0.026,35,33,1,0,0,0,41,0,0,82,0,42,0,0,1,0,0,0,0,0,0,0,0,0,0,0,2,0,0,0,0,0,0,0,0,0,9,0,4,0,0,0,0,0,0,0,19,0,0,0,269
222,111.25,7418,0.025,46,42,0,0,0,1,37,0,0,55,1,35,0,0,1,0,0,0,0,0,0,1,0,0,0,0,0,0,0,0,0,0,0,0,0,0,15,1,0,1,0,0,0,0,0,0,27,0,0,0,263
223,111.75,7437,0.026,35,78,0,0,0,0,33,0,0,62,0,25,0,0,0,0,0,0,0,0,0,0,0,0,0,0,0,0,0,0,0,0,0,0,0,0,12,0,12,0,0,0,0,0,2,0,13,0,0,0,272
224,112.25,7457,0.025,48,59,1,0,0,0,30,0,0,55,1,42,0,0,0,0,0,0,0,0,0,0,0,0,0,0,0,0,0,0,0,0,0,0,0,0,8,0,10,0,0,0,0,0,2,0,10,0,0,0,266
225,112.75,7476,0.026,41,54,0,0,0,0,37,0,0,58,0,45,0,0,0,0,0,0,0,0,0,0,0,0,0,0,0,0,0,0,0,0,0,0,0,0,5,0,23,0,0,0,0,0,0,0,11,0,0,0,274
226,113.25,7496,0.025,28,53,0,0,0,0,32,0,0,70,0,30,0,0,2,0,0,0,0,0,0,0,0,0,0,0,0,0,0,0,0,0,0,0,0,0,13,0,25,0,0,0,0,0,0,0,22,0,0,0,275
227,113.75,7515,0.026,21,50,1,0,0,0,33,0,0,65,0,39,0,0,0,0,0,0,0,0,0,1,0,0,0,0,0,0,0,0,0,0,0,0,0,0,10,0,46,0,0,0,0,0,0,0,11,0,0,0,277
228,114.25,7535,0.025,31,37,0,0,0,0,23,0,0,82,0,54,0,0,1,0,0,0,0,0,0,0,0,0,0,0,0,0,0,0,0,0,0,0,0,0,12,0,15,0,0,0,0,0,1,0,12,0,0,0,268
229,114.75,7554,0.026,49,48,0,0,0,0,20,0,0,57,0,35,0,0,4,0,0,0,0,0,0,0,0,0,0,0,0,0,0,0,0,0,0,0,0,0,10,0,17,0,0,0,0,0,1,0,12,0,0,0,253
230,115.25,7576,0.023,36,50,0,0,0,0,21,0,0,52,0,66,0,0,12,0,0,0,0,0,0,0,0,0,0,0,0,0,0,0,0,0,0,0,0,0,0,0,9,0,0,0,0,0,0,0,10,0,0,0,256
231,115.75,7600,0.021,33,69,0,0,0,0,21,0,0,47,1,82,0,0,9,0,0,0,0,0,0,0,0,0,0,0,0,0,0,0,0,0,0,0,0,0,0,1,2,0,0,0,0,0,0,0,15,0,0,0,280
232,116.25,7624,0.021,25,62,0,0,0,0,20,0,0,41,0,87,0,0,7,0,0,0,0,0,0,0,0,0,0,0,0,0,0,0,0,0,0,0,0,0,0,1,5,0,0,0,0,0,2,0,16,0,0,0,266
233,116.75,7648,0.021,26,68,0,0,0,0,32,0,0,54,0,55,1,0,15,0,0,0,0,0,0,0,0,0,0,0,0,0,0,0,0,0,0,0,0,0,0,0,8,0,0,0,0,0,0,0,13,0,0,0,272
234,117.25,7672,0.021,31,50,0,0,0,0,16,0,0,49,1,100,0,0,14,0,0,0,0,0,0,0,0,0,0,0,0,0,0,1,0,0,0,0,0,0,0,0,3,0,0,0,0,0,0,0,10,0,0,0,275
235,117.75,7696,0.021,22,81,0,0,0,0,30,0,0,52,0,54,1,0,14,0,0,0,0,0,0,0,0,0,0,0,0,0,0,0,0,0,0,0,0,0,0,0,7,2,0,0,0,0,0,0,4,0,0,0,267
236,118.25,7720,0.021,18,102,0,0,0,0,35,0,0,46,1,47,0,0,15,0,0,0,0,0,0,0,0,0,0,0,0,0,0,0,0,0,0,0,0,0,0,0,7,0,0,0,0,0,0,0,4,0,0,0,275
237,118.75,7744,0.021,21,88,0,0,0,0,45,0,1,49,0,50,0,0,9,0,0,0,0,0,0,0,0,0,0,0,0,0,0,0,0,0,0,0,0,0,0,0,13,0,0,0,0,0,0,0,5,0,0,0,281
238,119.25,7768,0.021,27,59,0,0,0,0,36,0,0,38,0,75,0,0,23,0,0,0,0,0,0,0,0,0,0,0,0,0,0,0,0,0,0,0,0,0,0,0,9,0,0,0,0,0,1,0,10,0,0,0,278
239,119.75,7792,0.021,23,64,0,0,0,0,29,0,0,59,0,51,0,0,29,0,0,0,0,0,0,0,0,0,0,0,0,0,0,0,0,0,0,0,0,0,0,1,6,0,0,0,0,0,1,0,8,0,0,0,271
240,120.25,7816,0.021,24,24,0,0,0,0,36,0,0,23,0,45,0,0,27,0,0,0,0,0,0,0,0,0,0,0,0,0,0,0,0,0,0,0,0,0,0,0,72,2,0,0,0,0,3,0,5,0,0,0,261
241,120.75,7841,0.02,26,20,0,0,0,0,30,0,0,30,1,70,0,0,35,0,0,0,0,0,0,0,0,0,0,0,0,0,0,0,0,0,0,0,0,0,0,0,29,9,0,0,0,0,1,0,15,0,0,0,266
242,121.25,7865,0.021,30,20,1,0,0,0,25,0,0,19,0,52,0,0,27,0,0,0,0,0,0,0,0,0,0,0,0,0,0,0,0,0,0,0,0,0,0,0,82,0,0,0,0,0,2,0,6,0,0,0,264
243,121.75,7890,0.02,17,22,0,0,0,0,39,0,0,19,1,49,0,1,49,0,0,0,0,0,0,0,0,0,0,0,0,0,0,0,0,0,0,0,0,0,0,0,52,1,0,0,0,0,0,0,3,0,0,0,253
244,122.25,7914,0.021,43,24,0,0,0,0,23,0,0,23,0,32,0,0,28,0,0,0,0,0,1,0,0,0,0,0,0,0,0,0,0,0,0,0,0,0,0,0,81,5,0,0,0,0,0,0,9,0,0,0,269
245,122.75,7939,0.02,23,22,0,0,0,0,25,0,0,33,0,33,1,0,35,0,0,0,0,0,0,0,0,0,0,0,0,0,0,0,0,0,0,0,0,0,0,0,83,5,0,0,0,0,0,0,5,0,0,0,265
246,123.25,7964,0.02,19,21,0,0,0,0,14,0,0,37,0,50,1,0,52,0,0,0,0,0,0,0,0,0,0,0,0,0,0,0,0,0,0,0,0,0,0,0,59,2,0,0,0,0,4,0,9,0,0,0,268
247,123.75,7988,0.021,21,21,0,0,0,0,25,0,0,39,0,33,0,0,54,0,0,0,0,0,0,0,0,0,0,0,0,0,0,0,0,0,0,0,0,0,0,1,56,0,0,0,0,0,0,0,6,0,0,0,256
248,124.25,8013,0.02,28,36,0,0,0,0,16,0,0,49,1,35,0,0,61,0,0,0,0,0,0,0,0,0,0,0,0,0,0,0,0,0,0,0,0,0,0,0,24,16,0,0,0,0,1,0,3,0,0,0,270
249,124.75,8037,0.021,25,41,0,0,0,0,18,0,0,26,0,37,1,0,70,0,0,0,0,0,0,0,0,0,0,0,0,0,0,0,0,0,0,0,0,0,0,0,41,1,0,0,0,0,2,0,3,0,0,0,265
250,125.25,8062,0.02,28,44,0,0,0,0,10,0,0,39,0,42,0,0,48,0,0,0,0,0,0,0,0,0,0,0,0,0,0,0,0,0,0,0,0,0,0,0,42,1,0,0,0,0,1,0,4,0,0,0,259
251,125.75,8088,0.019,25,61,0,0,0,0,5,0,0,48,0,23,0,0,69,0,0,0,0,0,0,0,0,0,0,0,0,0,0,0,0,0,0,0,0,0,0,0,40,1,0,0,0,0,1,0,7,0,0,0,280
252,126.25,8113,0.02,35,37,1,0,0,0,8,0,0,47,0,44,0,0,40,0,0,0,0,0,0,0,0,0,0,0,0,0,0,0,0,0,0,0,0,0,0,0,52,1,0,0,0,0,1,0,4,0,0,0,270
253,126.75,8139,0.019,36,30,0,0,0,0,5,0,0,58,0,29,0,0,15,0,0,0,0,0,0,0,0,0,0,0,0,0,0,0,0,0,0,0,0,0,0,0,61,0,0,0,0,0,0,0,21,0,0,0,255
254,127.25,8164,0.02,28,27,1,0,0,0,5,0,0,54,0,44,0,0,32,0,0,0,0,0,0,0,0,0,0,0,0,0,0,0,0,0,0,0,0,0,0,0,61,0,0,0,0,0,0,0,15,0,0,0,267
255,127.75,8190,0.019,32,19,0,0,0,0,3,0,0,61,0,29,0,0,11,0,0,0,0,0,0,0,0,0,0,0,0,0,0,0,0,0,0,0,0,0,0,1,87,4,0,0,0,0,1,0,17,0,0,0,265
256,128.25,8215,0.02,26,19,0,0,0,1,4,0,0,46,0,33,2,0,35,0,0,0,0,0,1,0,0,0,0,0,0,0,0,0,0,0,0,0,0,0,0,0,67,0,0,0,0,0,2,0,18,0,0,0,254
257,128.75,8241,0.019,42,24,0,0,0,0,4,0,0,44,0,32,1,0,40,0,0,0,0,0,0,0,0,0,0,0,0,0,0,0,0,0,0,0,0,0,0,1,61,1,0,0,0,0,0,0,8,1,0,0,259
258,129.25,8266,0.02,30,21,0,0,0,0,3,0,0,69,0,37,0,0,20,0,0,0,0,0,0,0,0,0,0,0,0,0,0,0,0,0,0,0,0,0,0,0,59,1,0,0,0,0,1,0,10,0,0,0,251
259,129.75,8292,0.019,26,26,0,0,0,0,7,0,0,70,0,32,0,0,32,0,0,0,0,0,0,0,0,0,0,0,0,0,0,0,0,0,0,0,0,0,0,0,44,1,0,0,0,0,0,0,12,0,0,0,250
260,130.25,8317,0.02,40,22,0,0,0,0,7,0,0,53,0,55,0,0,42,0,0,0,0,0,0,0,0,0,0,0,0,0,0,0,0,0,0,0,0,0,0,1,37,0,0,0,0,0,0,0,9,0,0,0,266
261,130.75,8341,0.021,39,19,0,0,0,0,8,0,0,55,0,63,0,0,24,0,0,0,0,0,0,0,0,0,0,0,0,0,0,0,0,0,0,0,0,0,0,0,35,1,0,0,0,0,0,0,9,0,0,0,253
262,131.25,8365,0.021,43,16,0,0,0,0,12,0,0,68,0,50,0,0,30,0,0,0,0,0,0,0,0,0,0,0,0,0,0,0,0,0,0,0,0,0,0,0,34,0,0,0,0,0,0,0,6,0,0,0,259
263,131.75,8389,0.021,28,15,0,0,0,0,10,0,0,62,1,55,0,0,31,0,0,0,0,0,1,0,0,0,0,0,0,0,0,0,0,0,0,0,0,0,0,0,60,1,0,0,0,0,0,0,5,0,0,0,269
264,132.25,8413,0.021,38,21,0,0,0,0,14,0,0,59,0,50,0,0,16,0,0,0,0,0,0,0,0,0,0,0,0,0,0,0,0,0,0,0,0,0,0,0,82,1,0,0,0,0,0,0,4,0,0,0,285
265,132.75,8437,0.021,35,18,0,0,0,0,12,0,0,59,1,41,0,0,21,0,0,0,0,0,0,0,0,0,0,0,0,0,0,0,0,0,0,0,0,0,0,0,91,0,0,0,0,0,0,0,2,0,0,0,280
266,133.25,8461,0.021,38,47,0,0,0,0,14,0,0,39,0,29,0,0,23,0,0,0,0,0,0,0,0,0,0,0,0,0,0,0,0,0,0,0,0,0,0,0,85,0,0,0,0,0,2,0,3,0,0,0,280
267,133.75,8485,0.021,54,24,1,0,0,0,16,0,0,44,0,30,1,0,22,0,0,0,0,0,0,0,0,0,0,0,0,0,0,0,0,0,0,0,0,0,0,0,78,0,0,0,0,0,0,0,6,0,0,0,276
268,134.25,8509,0.021,41,22,0,0,0,0,22,0,0,41,0,42,1,0,21,0,0,0,0,0,0,0,0,0,0,0,0,0,0,0,0,0,0,0,0,0,0,0,63,0,0,0,0,0,0,0,3,0,0,0,256
269,134.75,8533,0.021,54,13,0,0,0,0,13,0,0,67,0,40,0,0,21,0,0,0,0,0,0,0,0,0,0,0,0,0,0,0,0,0,0,0,0,0,0,0,46,1,0,0,0,0,2,0,5,0,0,0,262
270,135.25,8562,0.017,36,31,0,0,0,0,14,0,0,63,0,36,1,1,18,0,0,0,0,0,0,0,0,0,0,0,0,0,0,0,0,0,0,0,0,0,0,1,61,0,0,0,0,0,0,0,3,0,0,0,265
271,135.75,8594,0.016,33,39,0,0,0,0,17,0,0,66,0,48,1,0,18,0,0,0,0,0,0,0,0,0,0,0,0,0,0,0,0,0,0,0,0,0,0,0,26,1,0,0,0,0,1,0,7,0,0,0,257
272,136.25,8627,0.015,32,22,0,1,0,0,25,0,0,58,0,65,1,0,17,0,0,0,0,0,0,0,0,0,0,0,0,0,0,0,0,0,0,0,0,0,0,0,30,1,0,0,0,0,0,0,10,0,0,0,262
273,136.75,8660,0.015,20,9,0,0,0,0,30,0,0,80,0,74,2,0,14,0,0,0,0,0,0,0,0,0,0,0,0,0,0,0,0,0,0,0,0,0,0,0,14,0,0,0,0,4,0,0,14,0,0,0,261
274,137.25,8693,0.015,19,14,0,0,0,0,25,0,0,76,0,85,0,0,26,0,0,0,0,0,0,0,0,0,0,0,0,0,0,0,0,0,0,0,0,0,0,1,19,1,0,0,0,0,0,0,9,0,0,0,275
275,137.75,8726,0.015,26,9,0,0,0,0,27,0,0,58,0,93,0,0,16,0,0,0,0,0,0,0,0,0,0,0,0,0,0,0,0,0,0,0,0,0,0,1,20,0,0,0,0,0,0,0,9,0,0,0,259
276,138.25,8759,0.015,40,15,0,0,0,0,20,0,0,66,1,72,1,1,18,0,0,0,0,0,0,0,0,0,0,0,0,0,0,0,0,0,0,0,0,0,0,0,37,0,0,0,0,0,0,0,5,0,0,0,276
277,138.75,8792,0.015,37,12,0,0,0,0,15,0,0,60,0,104,0,1,9,0,0,0,0,0,0,0,0,0,0,0,0,0,0,0,0,0,0,0,0,0,0,0,27,1,0,0,0,0,1,0,4,0,0,0,271
278,139.25,8824,0.016,29,4,0,0,0,0,18,0,0,81,0,89,0,0,13,0,0,0,0,0,0,0,0,0,0,0,0,0,0,0,0,0,0,0,0,0,0,0,28,0,0,0,0,0,0,0,6,0,0,0,268
279,139.75,8857,0.015,33,10,0,0,0,0,6,0,0,55,0,95,0,0,8,0,0,0,0,0,0,0,0,0,0,0,0,0,0,0,0,0,0,0,0,0,0,0,66,0,0,0,0,0,0,0,2,0,0,0,275
280,140.25,8889,0.016,31,19,1,0,0,0,23,0,0,82,0,53,0,0,6,0,0,0,0,0,0,0,0,0,0,0,0,0,0,0,0,0,0,0,0,0,0,0,62,0,0,0,0,0,1,0,1,0,0,0,279
281,140.75,8920,0.016,49,18,0,0,0,0,17,0,0,96,0,37,0,0,10,0,0,0,0,0,0,0,0,0,0,0,0,0,0,0,0,0,0,0,0,0,0,0,45,0,0,0,0,0,0,0,0,0,0,0,272
282,141.25,8952,0.016,55,24,1,0,0,0,12,0,0,91,0,55,0,0,6,0,0,0,0,0,0,0,0,0,0,0,0,0,0,0,0,0,0,0,0,0,0,0,30,0,0,0,0,0,0,0,1,0,0,0,275
283,141.75,8983,0.016,42,31,0,0,0,0,15,0,0,78,0,49,0,0,6,0,0,0,0,0,0,0,0,0,0,0,0,0,0,0,0,0,0,0,0,0,0,1,35,0,0,0,0,0,1,0,3,0,0,0,261
284,142.25,9014,0.016,44,16,0,0,0,0,19,0,0,66,0,55,1,0,11,0,0,0,0,0,0,0,0,0,0,0,0,0,0,0,0,0,0,0,0,0,0,0,43,0,0,0,0,0,1,0,3,0,0,0,259
285,142.75,9045,0.016,39,44,0,0,0,0,13,0,0,57,0,61,0,0,11,0,0,0,0,0,0,0,0,0,0,0,0,0,0,0,0,0,0,0,0,0,0,0,38,0,0,0,0,0,0,0,3,0,0,0,266
286,143.25,9076,0.016,38,17,0,0,0,0,19,0,0,56,0,49,0,0,4,0,0,0,0,0,0,0,0,0,0,0,0,0,0,0,0,0,0,0,0,0,0,0,59,2,0,0,0,0,0,0,4,0,0,0,248
287,143.75,9108,0.016,24,22,2,0,0,0,33,0,0,54,0,58,0,0,10,0,0,0,0,0,0,0,0,0,0,0,0,0,0,0,0,0,0,0,0,0,0,0,53,0,0,0,0,0,2,0,1,0,0,0,259
288,144.25,9139,0.016,19,7,2,0,0,0,27,0,0,52,0,149,0,0,8,0,0,0,0,0,0,0,0,0,0,0,0,0,0,0,0,0,0,0,1,0,0,1,5,0,0,0,0,0,0,0,1,0,0,0,272
289,144.75,9170,0.016,9,9,0,0,0,0,16,0,0,40,0,157,0,0,10,0,0,0,0,0,0,0,0,0,0,0,0,0,0,0,0,0,0,0,0,0,0,2,9,0,0,0,0,0,1,0,4,0,0,0,257
290,145.25,9202,0.016,18,9,2,0,0,0,22,0,1,34,0,156,1,0,13,0,0,0,0,0,0,0,0,0,0,0,0,0,0,0,0,0,0,0,0,0,0,1,8,0,0,0,0,0,2,0,3,0,0,0,270
291,145.75,9234,0.016,38,18,0,0,0,1,26,0,4,28,0,92,4,0,5,0,0,0,0,0,0,0,0,0,0,0,0,0,0,0,0,0,0,0,0,0,0,0,40,0,0,0,0,0,0,1,3,0,0,0,260
292,146.25,9267,0.015,39,34,0,0,0,0,25,0,3,65,0,48,0,0,4,0,0,0,0,0,0,0,0,0,0,0,0,0,0,0,0,0,0,0,0,0,0,0,33,0,0,0,0,0,1,0,6,0,0,0,258
293,146.75,9299,0.016,37,23,1,0,0,0,31,0,0,54,0,63,2,0,20,0,0,0,0,0,0,0,0,0,0,0,0,0,0,0,0,0,0,0,0,0,0,0,19,0,0,0,0,0,4,2,15,0,0,0,271
294,147.25,9332,0.015,26,25,0,2,0,0,21,0,2,47,0,48,0,0,16,0,0,0,0,0,0,0,0,0,0,0,0,0,0,0,0,0,0,0,0,0,0,0,47,1,0,0,0,0,5,1,6,0,0,0,247
295,147.75,9364,0.016,25,31,0,1,0,0,37,0,3,41,2,48,0,0,14,0,0,0,0,0,0,0,0,0,0,0,0,0,0,0,0,0,0,0,0,0,0,0,35,0,0,0,0,0,0,4,9,0,0,0,250
296,148.25,9397,0.015,40,27,0,0,0,0,21,0,5,42,0,51,1,0,16,0,0,0,0,0,0,0,0,0,0,0,0,0,0,0,0,0,0,0,0,0,0,1,44,0,0,0,0,0,0,4,6,0,0,0,258
297,148.75,9429,0.016,30,30,0,0,0,0,81,0,1,31,0,38,2,0,16,0,0,0,0,0,0,0,0,0,0,0,0,0,0,0,0,0,0,0,0,0,0,0,36,0,0,0,0,0,0,1,10,0,0,0,276
298,149.25,9462,0.015,20,31,0,0,0,0,81,0,2,23,0,52,0,0,15,0,0,0,0,0,0,0,0,0,0,0,0,0,0,0,0,0,0,0,0,0,0,0,28,0,0,0,0,0,0,4,2,0,0,0,258
299,149.75,9494,0.016,15,54,0,0,0,0,71,1,3,25,0,48,0,0,13,0,0,0,0,0,0,0,0,0,0,0,0,0,0,0,0,0,0,0,0,0,0,1,28,0,0,0,0,0,0,1,2,0,0,0,262
300,150.25,9523,0.017,26,63,1,0,0,0,68,0,5,52,0,32,0,0,4,0,0,0,0,0,0,0,0,0,0,0,0,0,0,0,0,0,0,0,0,0,0,0,9,0,0,0,0,0,1,2,10,0,0,0,273
301,150.75,9548,0.02,37,51,0,0,0,1,59,0,1,43,0,33,0,0,8,0,0,0,0,0,0,0,0,0,0,0,0,0,0,0,0,0,0,0,0,0,0,1,8,0,0,0,0,0,1,1,21,0,0,0,265
302,151.25,9573,0.02,22,40,0,1,1,0,54,0,7,47,0,45,0,0,7,0,0,0,0,0,1,0,0,0,0,0,0,0,0,0,0,0,0,0,0,0,0,0,4,0,0,0,0,0,4,1,14,0,0,0,248
303,151.75,9598,0.02,29,34,0,0,0,0,30,0,2,63,0,60,2,0,14,0,0,0,0,0,0,0,0,0,0,0,0,0,0,0,0,0,0,0,0,0,0,0,0,0,0,0,0,0,3,3,16,0,0,0,256
304,152.25,9623,0.02,40,73,0,0,0,0,26,1,2,48,0,40,2,0,12,0,0,0,0,0,0,0,0,0,0,0,0,0,0,0,0,0,0,0,0,0,0,0,4,0,0,0,0,0,0,5,9,0,0,0,262
305,152.75,9648,0.02,31,25,1,0,0,0,34,0,3,45,0,94,1,0,12,0,0,0,0,0,0,0,0,0,0,0,0,0,0,0,0,0,0,0,0,0,0,0,0,0,0,0,0,0,4,4,16,0,0,0,270
306,153.25,9673,0.02,20,23,0,0,0,0,33,0,6,46,0,93,2,0,25,0,0,0,0,0,0,0,0,0,0,0,0,0,0,0,0,0,0,0,0,0,0,0,0,0,0,0,0,0,1,3,15,0,0,0,267
307,153.75,9698,0.02,32,21,2,0,0,0,21,0,2,50,0,98,0,0,17,0,0,0,0,0,0,0,0,0,0,0,0,0,0,0,0,0,0,0,0,0,0,0,0,0,0,0,0,0,1,2,15,0,0,1,262
308,154.25,9723,0.02,30,54,0,0,0,0,30,0,0,25,0,71,2,0,9,0,0,0,0,0,0,0,0,0,0,0,0,0,0,0,0,0,0,0,0,0,0,1,1,0,0,0,0,0,4,8,7,0,0,0,242
309,154.75,9748,0.02,37,53,1,0,0,0,49,2,3,29,0,42,0,0,6,0,0,0,0,0,0,0,0,0,0,0,0,0,0,1,0,0,0,0,0,0,0,0,0,0,0,0,0,0,2,8,13,0,0,1,247
310,155.25,9769,0.024,24,34,0,0,0,0,53,0,6,48,1,43,0,0,7,0,0,0,0,0,0,0,0,0,0,0,0,0,0,1,0,0,0,0,0,0,0,1,0,0,0,1,0,0,1,5,12,0,0,0,237
311,155.75,9785,0.031,15,84,1,0,0,1,30,1,2,44,0,46,0,0,7,0,0,0,0,0,0,0,0,0,0,0,0,0,0,0,0,0,0,0,0,0,0,0,0,1,0,0,0,0,1,3,10,0,0,0,246
312,156.25,9802,0.029,17,88,0,0,0,0,48,2,1,23,0,48,0,0,5,0,0,0,0,0,0,0,0,0,0,0,0,0,0,0,0,0,0,0,0,0,0,0,0,0,0,1,0,1,5,1,8,0,0,0,248
313,156.75,9819,0.029,29,79,1,0,0,0,8,0,0,41,0,56,0,0,8,0,0,0,0,0,0,0,0,0,0,0,0,0,0,0,0,0,0,0,0,0,0,0,1,0,0,0,0,0,2,8,11,0,0,0,244
314,157.25,9836,0.029,20,62,1,0,0,0,34,0,2,34,0,57,1,0,12,0,0,0,0,0,0,0,0,0,0,0,0,0,0,0,0,0,0,0,0,0,0,0,2,1,0,1,0,0,9,4,10,0,0,0,250
315,157.75,9852,0.031,30,88,2,0,0,0,5,0,2,44,0,64,2,0,7,0,0,0,0,0,0,0,0,0,0,0,0,0,0,0,0,0,0,0,0,0,0,0,0,1,0,1,0,0,0,0,4,0,0,0,250
316,158.25,9869,0.029,23,81,1,0,0,0,5,0,3,29,0,75,1,0,6,0,0,0,0,0,0,0,0,0,0,0,0,0,0,0,0,0,0,0,0,0,0,0,3,0,0,1,0,0,1,1,21,0,0,0,251
317,158.75,9886,0.029,22,62,0,0,0,0,9,0,0,21,0,94,0,0,5,0,0,0,0,0,0,0,0,0,0,0,0,0,0,0,0,0,0,0,0,0,0,0,0,0,0,0,0,0,0,2,31,0,0,0,246
318,159.25,9903,0.029,19,56,0,0,0,0,7,0,1,18,0,140,0,0,3,0,0,0,0,0,0,0,0,0,0,0,0,0,0,0,0,0,0,0,0,0,0,0,1,0,0,0,0,0,0,5,13,0,0,0,263
319,159.75,9919,0.031,16,108,1,1,0,0,5,0,0,13,1,75,0,0,5,0,0,0,0,0,0,0,0,0,0,0,0,0,0,0,0,0,0,0,0,0,0,0,0,0,0,1,0,0,0,4,16,1,0,0,247
320,160.25,9943,0.021,18,99,0,0,0,0,8,0,2,6,0,75,0,0,3,0,0,0,0,0,0,0,0,0,0,0,0,0,0,0,0,0,0,0,0,0,0,1,2,0,0,0,0,0,0,4,39,0,0,0,257
321,160.75,9974,0.016,13,68,1,0,0,0,4,0,0,26,0,58,0,0,1,0,0,0,0,0,0,0,0,0,0,0,0,0,0,0,0,0,0,0,0,0,0,0,13,0,0,1,0,0,3,2,43,0,0,0,233
322,161.25,10005,0.016,19,74,0,1,0,0,10,0,2,20,0,44,0,0,2,0,0,0,0,0,0,0,0,0,0,0,0,0,0,0,0,0,0,0,0,0,0,0,30,0,0,0,0,0,1,5,33,0,0,0,241
323,161.75,10035,0.017,28,45,0,0,0,0,1,0,0,6,0,56,0,0,0,0,0,0,0,0,0,0,0,0,0,0,0,0,0,0,0,0,0,0,0,0,0,0,17,0,0,0,0,0,0,2,108,0,0,0,263
324,162.25,10066,0.016,13,121,1,0,0,0,4,0,0,6,0,73,0,0,0,0,0,0,0,0,0,0,0,0,0,0,0,0,0,0,0,0,0,0,0,0,0,1,4,0,0,0,0,0,0,2,14,0,0,0,239
325,162.75,10097,0.016,25,53,0,0,0,0,1,0,0,12,0,111,0,0,1,0,0,0,0,0,0,0,0,0,0,0,0,0,0,0,0,0,0,0,0,0,0,0,12,0,0,0,0,0,5,3,19,0,0,0,242
326,163.25,10127,0.017,32,68,1,0,0,0,1,0,0,9,0,56,0,0,0,0,0,0,0,0,0,0,0,0,0,0,0,0,0,0,0,0,0,0,0,0,0,0,46,0,0,0,0,0,0,5,21,0,0,0,239
327,163.75,10158,0.016,29,62,1,0,0,0,1,0,0,3,0,59,0,1,1,0,0,0,0,1,0,0,0,0,0,0,0,0,0,1,0,0,0,0,0,0,0,0,71,7,0,0,0,0,3,0,16,0,0,0,256
328,164.25,10189,0.016,54,20,0,0,0,0,4,0,0,11,0,80,0,0,0,0,0,0,0,0,1,0,0,0,0,0,0,0,0,0,0,0,0,0,0,0,0,0,92,0,0,1,0,0,0,0,2,0,0,0,265
329,164.75,10220,0.016,60,25,0,0,0,0,0,0,0,4,0,61,0,0,0,0,0,0,0,1,0,0,0,0,0,0,0,0,0,0,0,0,0,0,1,0,3,0,109,1,0,0,0,0,0,0,0,0,0,0,265
330,165.25,10251,0.016,30,104,0,0,0,2,1,0,0,4,0,59,0,0,0,0,0,0,0,0,0,1,0,0,0,0,0,0,0,0,0,0,0,0,0,0,1,1,57,1,0,0,0,0,4,0,1,0,0,0,266
331,165.75,10282,0.016,42,144,0,0,0,0,0,0,0,8,0,39,0,0,0,0,0,0,0,0,0,0,0,0,0,0,0,0,0,0,0,0,0,0,1,1,2,0,19,1,0,0,0,0,1,0,1,0,0,0,259
332,166.25,10313,0.016,36,128,1,0,0,1,0,0,0,7,0,48,0,0,0,0,0,0,0,0,0,0,0,0,0,0,0,0,0,0,0,0,0,0,1,0,2,1,15,3,0,1,0,0,2,0,0,0,0,0,246
333,166.75,10345,0.016,39,116,0,0,0,6,0,0,0,1,0,54,0,2,0,0,0,0,0,0,0,0,0,1,0,0,0,0,0,0,0,0,0,0,0,0,6,1,30,1,0,3,0,0,1,0,1,0,0,0,262
334,167.25,10376,0.016,44,49,0,0,0,17,0,0,0,1,0,84,0,4,0,0,0,0,0,0,2,0,0,0,0,0,0,0,0,0,0,0,0,0,1,0,4,0,54,6,0,12,0,0,0,0,1,0,0,0,279
335,167.75,10407,0.016,45,14,0,0,0,77,1,0,0,1,0,53,0,0,2,0,0,0,0,0,0,0,0,0,0,0,0,0,0,0,0,0,0,0,0,0,7,0,68,1,0,10,0,0,0,0,0,0,0,0,279
336,168.25,10439,0.016,66,26,0,0,0,18,0,0,0,0,0,59,1,0,0,0,0,0,0,0,0,0,0,0,0,0,0,0,0,0,2,1,0,0,0,0,4,0,97,0,0,4,0,0,0,0,0,0,0,0,278
337,168.75,10470,0.016,31,24,0,0,0,17,0,0,0,4,0,67,0,0,0,0,0,0,0,0,0,0,0,0,0,0,0,0,0,0,5,5,0,0,0,0,8,0,101,0,0,12,0,0,0,0,1,0,0,0,275
338,169.25,10501,0.016,18,130,0,0,0,1,0,0,0,8,0,50,0,0,1,0,0,0,0,0,1,0,0,0,0,0,0,0,0,0,0,1,0,0,2,0,1,0,34,7,0,0,0,0,7,0,1,0,0,0,262
339,169.75,10532,0.016,33,173,0,0,0,0,0,0,0,8,0,23,0,0,4,0,0,0,0,0,1,0,0,0,0,0,0,0,0,0,0,0,0,0,0,0,1,0,11,7,0,0,0,0,0,0,2,0,0,0,263
340,170.25,10564,0.016,47,135,0,0,0,1,0,0,0,10,1,24,0,0,3,0,0,0,0,0,2,0,0,0,0,0,0,0,0,0,0,0,0,0,0,0,6,0,0,0,0,0,0,0,0,0,1,0,0,0,230
341,170.75,10596,0.016,49,144,1,0,0,0,1,0,0,4,0,7,1,0,4,0,0,0,0,0,2,0,0,0,0,0,0,0,0,0,0,1,0,0,1,0,2,0,1,0,0,0,0,0,2,0,4,0,1,0,225
342,171.25,10628,0.016,49,101,0,0,0,0,1,0,0,9,0,24,0,0,6,0,0,0,0,0,1,0,0,0,0,0,0,0,0,0,0,0,0,0,2,0,1,0,0,1,0,0,0,0,2,0,4,1,0,0,202
343,171.75,10659,0.016,59,111,0,0,0,0,0,0,0,7,0,33,0,0,2,0,0,0,0,0,3,0,0,0,0,0,0,0,0,0,0,0,0,0,1,0,1,0,0,0,0,0,0,0,2,0,2,0,0,0,221
344,172.25,10691,0.016,47,92,2,0,0,0,0,0,0,8,1,31,0,0,5,0,0,0,0,0,2,0,0,0,0,0,0,0,0,0,0,0,0,0,2,0,2,0,0,1,0,1,0,0,0,0,1,3,0,0,198
345,172.75,10723,0.016,40,111,1,0,0,0,0,0,0,3,0,25,0,0,4,0,0,0,0,0,0,0,0,0,0,0,0,0,0,0,0,0,0,0,3,0,3,0,0,0,0,0,0,0,1,0,2,1,0,0,194
346,173.25,10755,0.016,35,89,0,0,0,1,0,0,0,3,0,30,0,0,13,0,0,0,0,0,3,0,0,0,0,0,0,0,1,1,0,0,0,0,3,0,2,0,1,0,0,0,0,0,2,0,3,0,0,0,187
347,173.75,10786,0.016,38,116,1,0,0,1,0,0,0,10,0,14,0,0,8,0,0,0,0,0,0,0,0,0,0,0,1,0,0,1,0,0,0,0,0,0,2,0,1,0,0,0,0,0,3,0,2,1,0,0,199
348,174.25,10818,0.016,38,110,0,0,0,0,5,0,0,14,0,11,0,0,4,0,0,0,0,0,0,0,1,0,0,0,0,0,0,0,0,0,0,0,3,0,2,0,4,0,0,0,0,0,6,0,2,0,0,0,200
349,174.75,10850,0.016,36,107,0,0,0,0,1,0,0,6,0,12,0,0,7,0,0,0,0,0,0,0,0,0,0,0,0,0,0,1,0,0,0,0,4,1,1,2,0,0,0,0,0,0,2,0,2,1,0,0,183
350,175.25,10882,0.016,42,141,0,0,0,0,0,0,0,0,0,17,0,0,1,0,0,0,0,0,0,0,0,0,0,0,1,0,0,0,0,0,0,0,2,0,0,0,0,0,0,0,0,0,3,0,1,0,0,0,208
351,175.75,10913,0.016,28,156,1,0,0,0,1,0,0,4,0,12,0,0,11,0,0,0,0,0,0,0,0,0,0,0,1,0,0,0,0,0,0,0,1,0,2,0,0,0,0,0,0,0,1,0,2,0,0,0,220
352,176.25,10944,0.016,56,79,0,0,0,1,5,0,0,40,0,26,0,0,2,0,0,0,0,0,0,0,0,0,0,0,0,0,0,0,0,0,0,1,2,0,5,0,28,0,0,0,0,0,1,0,4,0,0,0,250
353,176.75,10975,0.016,31,126,0,0,0,0,5,0,0,29,0,29,0,0,4,0,0,0,0,0,1,0,1,0,0,0,0,0,0,0,0,0,0,0,0,0,0,0,17,0,0,0,0,0,0,0,4,0,1,0,248
354,177.25,11006,0.016,34,190,0,0,0,0,0,0,0,4,0,5,0,0,4,0,0,0,0,0,0,0,0,0,0,0,2,0,0,0,0,0,0,0,1,0,1,0,0,1,0,0,0,0,0,0,0,0,0,0,242
355,177.75,11037,0.016,22,198,2,0,0,0,0,0,0,1,0,3,0,0,3,0,0,0,0,0,0,0,0,0,0,0,0,0,0,0,0,0,0,0,0,1,0,0,0,0,0,0,0,0,0,0,0,0,0,0,230
356,178.25,11068,0.016,49,146,0,0,0,0,4,0,0,6,0,19,1,0,8,0,0,0,0,0,0,0,0,0,0,0,0,0,0,0,0,0,0,0,2,0,0,1,4,1,0,0,0,0,1,0,3,0,0,0,245
357,178.75,11100,0.016,32,145,0,0,0,1,0,0,0,6,0,6,1,0,8,0,0,0,0,0,0,0,0,0,0,0,0,0,0,1,0,0,0,0,2,0,0,0,1,0,0,0,0,0,2,0,0,0,0,0,205
358,179.25,11131,0.016,28,162,0,0,0,0,1,0,0,10,0,17,0,0,12,0,0,0,0,0,0,0,0,0,0,0,0,0,0,1,0,0,0,0,4,0,0,1,0,0,0,0,0,0,3,0,0,0,0,0,239
359,179.75,11162,0.016,30,191,1,0,0,1,1,0,0,3,0,7,0,0,9,0,0,0,1,0,0,0,0,0,0,0,0,0,0,0,0,0,0,0,1,0,0,1,0,0,0,0,0,0,0,0,0,1,1,0,248
360,180.25,11193,0.016,28,191,1,0,0,0,1,0,0,6,0,11,0,0,10,0,0,0,6,0,0,0,0,0,0,0,0,0,0,0,0,0,0,0,1,0,0,0,1,0,0,0,0,0,1,0,4,0,0,0,261
361,180.75,11225,0.016,39,187,0,0,0,0,0,0,0,0,0,8,0,0,12,0,0,0,2,0,0,0,0,0,0,0,0,0,0,0,0,0,0,0,2,0,0,1,0,0,0,0,0,0,2,0,1,0,0,0,254
362,181.25,11257,0.016,39,209,0,0,0,0,0,0,0,0,0,4,0,0,10,0,0,0,0,0,0,0,0,0,0,0,0,0,0,1,0,0,0,0,0,0,0,0,0,0,0,0,0,0,2,0,1,0,0,0,266
363,181.75,11289,0.016,67,185,0,0,0,0,0,0,0,1,0,13,0,0,5,0,0,0,0,0,0,0,0,0,0,0,0,0,0,0,0,0,0,0,0,0,0,0,0,0,0,0,0,0,2,0,0,0,0,0,273
364,182.25,11321,0.016,25,213,0,0,0,0,0,0,0,4,0,7,0,0,6,0,0,0,0,0,0,0,0,0,0,0,0,0,0,0,0,0,0,0,1,0,0,0,0,0,0,0,0,0,0,0,1,0,0,0,257
365,182.75,11353,0.016,15,241,0,0,0,0,2,0,0,4,0,11,0,0,4,0,0,0,0,0,1,0,0,0,0,0,0,0,0,0,0,0,0,0,1,0,0,0,1,0,0,0,0,0,0,0,1,0,0,0,281
366,183.25,11385,0.016,16,202,0,0,0,0,0,0,0,3,0,11,0,0,5,0,0,0,0,0,0,0,1,0,0,0,0,0,0,0,0,0,0,0,1,0,0,0,1,0,0,0,0,0,1,0,1,0,0,0,242
367,183.75,11417,0.016,22,209,1,0,0,1,7,0,0,10,0,15,0,0,6,0,0,0,0,0,0,0,0,0,0,0,0,0,0,0,0,0,0,0,1,0,0,0,1,0,0,0,0,0,1,0,1,0,0,0,275
368,184.25,11449,0.016,15,218,0,0,0,0,3,0,0,13,0,11,0,0,8,0,0,0,2,0,0,0,0,0,0,1,0,0,0,1,0,0,0,0,2,0,0,0,3,0,0,0,0,0,0,0,1,0,0,0,278
369,184.75,11481,0.016,29,202,0,0,0,0,2,0,0,8,0,17,0,0,10,0,0,0,0,0,1,0,0,0,0,0,0,0,0,0,0,0,0,0,1,0,0,0,3,0,0,0,0,0,0,0,1,0,0,0,274
370,185.25,11520,0.013,24,198,0,0,0,0,0,0,0,21,0,20,0,0,9,0,0,0,0,0,0,0,0,0,0,0,1,0,0,0,0,0,0,0,1,0,0,0,3,0,0,0,0,0,0,0,1,0,0,0,278
371,185.75,11566,0.011,27,201,0,0,0,0,1,0,0,8,0,15,0,0,8,0,0,0,0,0,0,0,0,0,0,0,0,0,0,0,1,0,0,0,0,0,0,0,5,0,0,0,0,0,0,0,2,0,0,0,268
372,186.25,11612,0.011,18,240,0,0,0,0,0,0,0,4,0,10,0,0,4,0,0,0,0,0,0,0,0,0,0,0,0,0,0,0,1,0,0,0,0,0,0,0,1,0,0,0,0,0,2,0,1,0,0,0,281
373,186.75,11658,0.011,33,183,0,0,0,0,0,0,0,10,0,20,0,0,3,0,0,0,0,0,1,0,0,0,0,0,0,0,0,0,0,0,0,0,1,0,0,0,0,0,0,0,0,0,1,0,5,0,0,0,257
374,187.25,11704,0.011,45,71,0,0,0,0,0,0,0,26,0,46,0,0,5,0,0,0,0,0,1,0,0,0,0,0,0,0,0,0,0,0,0,0,1,0,0,0,1,0,0,0,0,0,0,0,13,0,0,0,209
375,187.75,11750,0.011,33,69,0,0,0,1,0,0,0,47,0,58,0,0,6,0,0,0,0,0,0,0,0,0,0,0,0,0,0,1,0,0,0,0,0,0,0,0,2,0,0,0,0,0,0,0,14,0,0,0,231
376,188.25,11796,0.011,38,108,0,0,0,0,1,0,0,19,0,54,0,0,0,0,0,0,0,0,0,0,0,0,0,0,0,0,0,0,0,0,0,0,0,0,0,0,1,0,0,0,0,0,2,0,9,0,0,0,232
377,188.75,11842,0.011,34,137,0,0,0,0,0,0,0,10,0,29,0,1,4,0,0,0,0,0,0,0,0,0,0,0,0,0,0,0,0,0,0,0,0,0,0,1,4,0,0,0,0,0,1,0,11,0,0,0,232
378,189.25,11888,0.011,42,123,0,0,0,1,1,0,1,8,0,39,0,0,1,0,0,0,0,0,0,0,0,0,0,0,0,0,0,0,0,0,0,0,0,0,0,0,7,0,0,0,2,0,1,0,4,0,0,0,230
379,189.75,11933,0.011,31,86,0,0,0,0,0,0,0,18,0,60,0,0,5,0,0,0,0,0,0,0,0,0,0,0,0,0,0,0,0,0,0,0,0,0,0,1,14,0,0,0,1,0,3,0,10,0,0,0,229
380,190.25,11968,0.014,60,118,1,0,0,0,0,0,1,12,0,36,0,0,2,0,0,0,0,0,0,0,0,0,0,0,0,0,0,0,0,0,0,0,0,0,0,1,21,0,0,0,0,0,0,0,5,0,0,0,257
381,190.75,11991,0.022,60,110,1,0,0,0,0,0,0,17,0,27,0,0,1,0,0,0,0,0,0,0,0,0,0,0,0,0,0,0,0,0,0,0,0,0,0,0,2,0,0,0,0,0,3,0,12,0,0,0,233
382,191.25,12014,0.022,34,87,1,0,0,0,1,0,1,17,0,75,0,0,1,0,0,0,0,0,1,0,0,0,0,0,0,0,0,0,0,0,0,0,0,0,0,0,12,1,0,0,0,0,3,0,12,0,0,0,246
383,191.75,12036,0.023,31,104,1,0,0,0,2,0,0,18,1,40,0,0,1,0,0,0,0,0,0,0,0,0,0,0,0,0,0,1,0,0,0,0,0,0,0,0,0,0,0,0,4,0,3,0,7,1,0,0,214
384,192.25,12059,0.022,46,104,1,0,0,0,0,0,0,22,0,38,0,0,1,0,0,0,0,0,0,0,0,0,0,0,1,0,0,0,0,0,0,0,1,0,0,0,24,0,0,0,4,0,3,0,1,0,0,0,246
385,192.75,12082,0.022,56,88,0,0,0,0,3,0,0,17,0,27,0,0,4,0,0,0,0,0,0,0,0,0,0,0,0,0,0,0,0,0,0,0,0,0,0,0,60,0,0,0,0,0,0,0,2,0,0,1,258
386,193.25,12105,0.022,39,73,0,1,0,0,0,0,0,16,0,44,0,0,1,0,0,0,0,0,0,0,0,0,0,0,0,1,0,0,0,0,0,0,1,0,0,0,65,0,0,0,0,0,4,0,4,2,0,0,251
387,193.75,12128,0.022,51,110,1,0,0,0,0,0,0,36,0,26,0,0,2,0,0,0,0,0,0,0,0,0,0,0,0,0,0,1,0,0,0,1,1,0,0,1,17,0,0,0,0,0,2,0,4,1,0,0,254
388,194.25,12151,0.022,60,96,0,0,0,0,0,0,0,22,0,22,0,0,0,0,0,0,0,0,0,0,0,0,0,0,0,0,0,0,0,0,0,1,0,0,0,0,34,0,0,0,0,0,1,0,5,0,0,0,241
389,194.75,12174,0.022,82,67,0,0,0,0,0,0,0,20,0,31,0,0,3,0,0,0,0,0,0,0,0,0,0,0,0,0,0,0,0,0,0,0,1,0,0,0,16,0,0,0,0,0,3,0,6,0,0,0,229
390,195.25,12195,0.024,113,60,0,0,0,0,0,0,0,18,0,27,0,1,2,0,0,0,0,0,0,0,0,0,0,0,1,0,0,0,0,0,0,0,0,0,0,1,8,0,0,0,0,0,3,0,3,0,0,0,237
391,195.75,12214,0.026,76,47,0,0,0,0,1,0,0,14,0,48,0,0,6,0,0,2,0,0,0,0,0,0,0,0,0,0,0,0,0,0,0,1,0,0,0,0,23,0,0,0,0,0,2,0,7,1,0,0,228
392,196.25,12233,0.026,81,70,1,0,0,0,0,0,0,25,0,31,0,0,3,0,0,0,0,0,1,0,0,0,0,0,0,0,0,0,0,0,0,0,1,0,0,1,17,1,0,2,0,0,1,0,5,0,0,0,240
393,196.75,12252,0.026,75,90,0,0,0,1,0,0,0,15,0,33,0,0,1,0,0,0,1,0,0,0,0,0,0,0,0,0,0,0,0,0,0,1,0,0,0,0,16,0,0,0,0,0,1,0,8,0,0,0,242
394,197.25,12272,0.025,133,9,1,0,0,1,0,0,0,9,0,17,0,0,0,0,0,0,1,0,0,0,0,0,0,0,0,0,0,1,0,0,0,1,0,0,0,1,53,0,0,1,0,0,0,0,2,0,0,0,230
395,197.75,12291,0.026,120,1,0,0,0,0,0,0,1,3,0,22,0,0,0,0,0,0,0,0,0,0,0,0,0,0,0,0,0,0,0,0,0,0,1,0,0,0,105,0,1,0,0,0,0,0,2,0,0,0,256
396,198.25,12310,0.026,145,0,0,0,0,0,0,0,0,9,0,24,0,0,0,0,0,0,0,0,0,0,0,0,0,0,0,0,0,0,0,0,0,0,0,0,0,1,86,0,0,1,0,0,3,0,0,0,0,0,269
397,198.75,12330,0.025,107,2,1,0,0,2,0,0,0,11,0,20,0,0,0,0,0,0,0,0,0,0,0,0,0,0,0,0,0,0,0,0,0,0,0,0,1,0,93,0,0,1,0,0,4,0,0,0,0,0,242
398,199.25,12349,0.026,62,2,0,0,0,3,0,0,0,15,0,8,0,0,0,0,0,0,0,0,0,0,0,0,0,0,0,0,0,0,0,0,0,0,0,0,0,1,176,0,0,0,0,0,3,0,0,2,0,0,272
399,199.75,12368,0.026,102,3,0,0,0,1,0,0,0,11,0,22,0,0,0,0,0,0,0,0,1,0,0,0,0,0,0,0,0,0,0,0,0,0,1,0,0,0,128,0,0,0,0,0,0,0,2,0,0,0,271
400,200.25,12388,0.025,82,0,0,0,0,1,0,0,0,12,0,26,0,0,0,0,0,0,0,0,1,0,0,0,0,0,0,0,0,0,0,0,0,0,0,0,0,0,162,0,0,0,0,0,1,0,1,0,0,0,286
401,200.75,12407,0.026,62,0,0,0,0,0,0,0,0,4,0,37,0,0,0,0,0,0,0,0,6,0,0,0,0,0,0,0,0,0,0,0,0,0,0,0,0,0,182,0,0,0,0,0,0,0,1,0,0,0,292
402,201.25,12427,0.025,63,0,0,0,0,0,0,0,0,5,0,35,0,0,0,0,0,0,0,0,5,0,0,0,0,0,0,0,0,0,0,0,0,1,0,0,0,0,156,0,0,0,0,0,1,0,2,1,0,0,269
403,201.75,12447,0.025,39,0,0,0,0,1,0,0,0,2,0,28,0,0,0,0,0,0,0,0,3,0,0,0,0,0,0,0,0,0,0,0,0,0,0,0,0,0,213,0,0,0,0,0,0,0,1,0,0,0,287
404,202.25,12467,0.025,19,9,0,0,0,1,0,0,0,4,0,61,0,0,0,0,0,0,0,0,1,0,0,0,0,0,0,0,0,0,0,0,0,0,0,0,0,0,172,0,0,0,0,0,0,0,0,1,0,0,268
405,202.75,12487,0.025,53,7,0,0,0,0,0,0,0,6,0,61,0,0,0,0,0,0,0,0,3,0,0,0,0,0,0,0,0,0,0,0,0,0,0,0,0,1,143,1,1,0,0,0,0,0,1,0,0,0,277
406,203.25,12506,0.026,39,3,0,0,0,1,0,0,0,2,0,63,0,0,0,0,0,0,0,0,2,0,0,0,0,0,0,0,0,0,0,0,0,0,0,0,0,0,165,0,0,1,0,0,0,0,0,0,0,0,276
407,203.75,12526,0.025,53,10,0,0,0,1,0,0,0,10,0,69,0,0,0,0,0,0,0,0,0,0,0,0,0,0,0,0,0,0,0,0,0,0,0,0,0,0,119,1,0,0,0,0,1,0,0,0,0,1,265
408,204.25,12546,0.025,64,9,1,0,0,0,0,0,0,10,2,75,0,0,1,0,0,0,0,0,0,0,0,0,0,0,0,0,0,0,0,0,0,0,0,0,0,0,109,4,0,0,0,0,2,0,0,0,0,0,277
409,204.75,12566,0.025,77,34,0,0,0,1,0,0,0,9,2,84,0,0,0,0,0,0,0,0,1,0,0,0,0,0,0,0,0,0,0,0,0,0,0,0,0,0,67,1,1,0,0,0,1,0,0,0,0,0,278
410,205.25,12586,0.025,55,41,0,0,0,1,0,0,0,9,0,61,0,0,3,0,0,0,0,0,2,0,0,0,0,0,0,0,0,0,0,0,0,0,0,0,0,0,103,1,0,0,0,0,0,0,0,0,0,0,276
411,205.75,12608,0.023,60,111,0,0,0,1,0,0,0,4,0,55,0,0,0,0,0,0,0,0,1,0,0,0,0,0,0,0,0,0,0,0,0,0,0,0,0,0,18,12,0,1,0,0,0,0,1,2,0,0,266
412,206.25,12629,0.024,39,117,0,0,0,3,0,0,0,4,0,63,0,0,0,0,0,0,0,0,1,0,0,0,0,0,0,0,0,1,1,0,0,0,0,0,0,0,27,1,0,2,0,0,2,0,0,0,0,0,261
413,206.75,12651,0.023,36,90,0,0,0,13,0,0,0,6,0,63,0,0,0,0,0,1,0,0,0,0,0,0,0,0,0,0,0,0,1,0,0,0,0,0,0,0,56,1,0,6,0,0,0,0,0,0,0,0,273
414,207.25,12672,0.024,29,44,0,0,0,19,0,0,0,6,0,87,0,0,0,0,0,0,0,0,2,0,0,0,0,0,0,0,0,0,0,0,0,0,0,0,0,0,68,6,0,12,0,0,0,0,1,0,0,0,274
415,207.75,12694,0.023,50,10,0,0,0,67,0,0,0,3,0,52,0,0,2,0,0,1,0,0,0,0,0,0,0,0,0,0,0,0,0,0,0,0,1,0,0,0,77,3,0,10,0,0,0,0,1,0,0,0,277
416,208.25,12715,0.024,19,9,0,0,0,71,0,0,0,1,0,34,0,0,3,0,0,0,0,0,1,0,0,0,0,0,0,0,0,0,1,0,0,0,0,0,0,0,104,5,0,16,2,0,0,0,2,1,0,0,269
417,208.75,12736,0.024,32,31,0,0,0,32,1,6,0,0,0,45,0,0,1,0,0,0,0,0,1,0,0,0,0,0,0,0,0,0,0,0,0,0,0,0,0,0,101,9,0,6,0,0,0,0,0,0,1,0,266
418,209.25,12758,0.023,23,31,0,0,0,10,0,8,0,2,0,66,0,0,2,0,0,0,0,0,0,0,0,0,0,0,0,0,0,0,1,0,0,0,0,0,0,0,123,2,0,9,0,0,0,0,0,0,1,0,278
419,209.75,12779,0.024,33,36,0,0,0,20,0,2,0,0,0,67,0,0,5,0,0,0,0,0,0,0,0,0,0,0,0,0,0,0,0,0,0,0,0,0,0,0,103,3,0,1,0,0,1,0,0,0,0,0,271
420,210.25,12800,0.024,19,41,0,0,0,6,0,4,0,1,0,80,0,0,3,0,0,0,0,0,0,0,0,0,0,0,0,0,0,0,0,0,0,0,0,0,0,0,115,1,0,3,0,0,0,0,0,0,0,0,273
421,210.75,12819,0.026,27,107,0,0,0,2,1,1,0,10,0,65,0,0,4,0,0,0,0,0,0,0,0,0,0,0,0,0,0,0,0,0,0,0,1,0,0,0,19,14,0,1,0,0,0,0,0,0,0,0,252
422,211.25,12838,0.026,26,75,0,0,0,2,0,6,0,4,0,91,0,0,3,0,0,0,0,0,1,0,0,0,0,0,0,0,0,0,0,0,0,0,0,0,0,0,35,27,0,1,0,0,0,0,1,0,0,0,272
423,211.75,12857,0.026,18,149,0,0,0,3,0,0,0,0,0,35,0,0,4,0,0,0,0,0,0,0,0,0,0,0,1,0,0,0,0,0,0,0,0,0,0,0,10,55,0,0,0,0,0,0,1,0,0,0,276
424,212.25,12877,0.025,36,134,0,0,0,0,0,0,0,9,0,38,0,0,4,0,0,0,0,0,1,0,0,0,0,0,0,0,0,0,0,0,0,0,0,0,0,0,19,6,0,1,0,0,2,0,3,0,0,0,253
425,212.75,12896,0.026,39,149,0,0,0,0,0,0,0,15,1,16,0,0,7,2,0,0,0,0,1,0,0,0,0,0,0,0,0,0,0,0,0,0,2,0,0,0,0,3,0,0,0,0,0,0,1,0,0,0,236
426,213.25,12915,0.026,45,121,0,0,0,0,2,0,0,2,0,23,0,0,12,0,0,0,0,0,7,0,0,0,0,0,0,0,0,0,0,0,0,0,0,0,0,0,1,0,0,0,0,0,4,0,1,1,0,0,219
427,213.75,12935,0.025,44,126,0,0,0,0,0,0,0,6,0,20,0,0,4,0,0,0,1,0,2,0,0,0,0,0,0,0,0,0,0,0,0,0,1,0,0,0,0,4,0,0,0,0,3,0,4,3,0,0,218
428,214.25,12954,0.026,30,116,0,0,0,0,0,0,0,2,1,37,0,0,1,0,0,0,0,0,2,0,0,0,0,0,0,0,0,0,0,0,0,0,3,0,0,0,1,2,0,0,0,0,2,0,2,1,0,0,200
429,214.75,12973,0.026,38,139,0,0,0,1,0,0,0,7,0,31,0,0,4,0,0,0,0,0,4,0,0,0,0,0,1,0,0,0,1,0,0,0,0,0,0,0,2,0,0,0,0,0,2,0,2,1,0,0,233
430,215.25,12993,0.025,33,107,2,0,0,0,0,0,0,6,0,22,0,0,14,0,0,0,1,0,1,0,0,0,0,0,0,0,0,0,0,0,0,1,0,0,0,0,0,2,0,0,0,0,1,0,1,0,0,0,191
431,215.75,13012,0.026,25,143,0,0,0,0,0,0,0,9,0,29,0,0,3,0,0,0,1,0,6,0,0,0,0,0,0,0,0,0,0,0,0,0,0,0,0,1,0,1,0,0,0,0,2,0,4,0,0,0,224
432,216.25,13032,0.025,38,137,0,0,0,0,0,0,0,2,1,19,0,0,13,0,0,0,0,0,1,0,0,0,0,0,0,0,0,0,0,0,0,0,1,0,0,0,0,1,0,0,0,0,7,0,3,0,0,0,223
433,216.75,13052,0.025,43,137,0,0,0,0,0,0,0,4,1,17,0,0,9,0,0,0,2,0,2,0,0,0,0,0,0,0,0,0,0,0,0,0,2,0,0,0,0,1,0,0,0,0,3,1,1,0,0,0,223
434,217.25,13072,0.025,19,155,0,0,0,0,0,0,0,5,0,20,0,0,7,0,0,0,0,0,1,0,0,0,0,0,0,0,0,0,0,0,0,0,0,0,0,0,0,0,0,1,0,0,5,0,1,0,0,0,214
435,217.75,13091,0.026,39,120,0,0,0,1,1,0,0,2,0,21,0,0,12,0,0,0,0,0,2,0,0,0,0,0,0,0,0,1,0,0,0,0,1,0,0,0,0,0,0,0,0,0,2,0,0,0,0,0,202
436,218.25,13111,0.025,27,151,0,0,0,0,1,0,0,7,0,17,0,0,9,0,0,0,4,0,1,0,0,0,0,0,0,0,0,1,0,0,0,1,1,0,0,0,0,0,0,0,0,0,3,0,2,1,0,0,226
437,218.75,13131,0.025,43,161,0,0,0,0,0,0,0,2,0,11,0,0,15,0,0,0,0,0,0,0,0,0,0,0,0,0,0,1,0,0,0,0,0,0,0,0,0,0,1,0,0,0,1,0,1,0,2,0,238
438,219.25,13151,0.025,33,155,1,0,0,1,0,1,0,5,2,12,0,0,7,0,0,0,1,0,0,0,0,0,0,0,0,0,0,0,1,0,0,0,1,0,0,0,0,0,0,0,0,0,0,0,1,0,0,0,221
439,219.75,13170,0.026,32,157,0,0,0,0,3,0,0,1,0,18,3,0,12,0,0,0,0,0,2,0,0,0,0,0,0,0,0,2,0,0,0,0,0,0,0,0,1,0,0,1,0,0,4,1,4,0,0,0,241
440,220.25,13190,0.025,34,178,0,0,0,0,0,0,0,12,0,8,3,0,4,0,0,0,2,0,0,0,0,0,0,0,0,0,0,0,0,0,0,0,1,0,0,0,0,0,0,0,0,0,2,1,7,0,0,0,252
441,220.75,13210,0.025,16,193,0,0,0,0,0,0,0,4,0,10,0,0,5,0,0,0,0,0,0,0,0,0,0,0,0,0,0,0,0,0,0,0,0,0,0,0,1,0,0,0,0,0,3,0,1,0,0,0,233
442,221.25,13230,0.025,20,158,0,0,0,0,0,0,0,7,0,13,0,0,9,0,0,0,0,0,0,0,0,0,0,0,0,0,0,1,0,0,0,0,3,0,0,0,1,0,0,0,0,0,2,0,4,0,0,0,218
443,221.75,13250,0.025,21,180,0,0,0,0,0,0,0,4,0,10,0,0,7,0,0,0,0,0,1,0,0,0,0,0,0,0,0,0,1,0,0,0,1,0,0,0,0,0,0,0,0,0,0,0,1,1,0,0,227
444,222.25,13271,0.024,34,184,0,1,0,0,0,0,0,3,0,16,0,0,11,0,0,0,0,0,0,0,0,0,0,0,0,0,0,0,0,0,0,0,0,0,0,0,0,0,0,0,0,0,0,0,2,1,0,0,252
445,222.75,13291,0.025,43,190,0,0,0,0,0,0,0,3,1,7,0,0,3,0,0,0,1,0,0,0,0,0,0,0,0,0,0,0,0,0,0,0,0,0,0,0,0,0,0,0,0,0,0,0,0,0,0,0,248
446,223.25,13311,0.025,25,209,0,0,0,0,0,0,0,7,0,3,0,0,7,0,0,0,0,0,1,0,0,0,0,0,0,0,0,0,0,0,0,0,0,0,0,0,0,1,0,0,0,0,0,0,0,0,0,0,253
447,223.75,13331,0.025,18,224,0,0,0,0,1,0,0,3,0,5,0,0,3,0,0,0,0,0,0,0,0,0,0,0,0,0,0,0,0,0,0,0,0,0,0,0,1,0,0,0,0,0,0,0,0,0,0,0,255
448,224.25,13351,0.025,31,189,0,0,0,0,0,0,0,1,0,6,0,0,10,0,0,0,0,0,0,0,0,0,0,0,0,0,0,1,0,0,0,0,1,0,0,0,1,0,0,0,0,0,0,0,1,1,0,0,242
449,224.75,13371,0.025,31,175,0,0,0,0,0,0,0,2,1,14,0,0,10,0,0,0,0,0,0,0,0,0,0,0,0,0,0,0,0,0,0,1,0,0,0,0,0,0,0,0,0,0,2,1,3,1,0,0,241
450,225.25,13391,0.025,27,159,0,0,0,0,1,0,0,3,0,3,0,0,10,0,0,0,1,0,3,0,0,0,0,0,0,0,0,1,0,0,0,0,0,0,0,0,1,0,0,0,0,0,2,0,1,2,0,0,214
451,225.75,13411,0.025,23,182,0,0,0,0,2,0,0,9,0,4,0,0,8,0,0,0,0,0,0,0,0,0,0,0,0,0,0,1,0,0,0,0,0,0,0,0,1,0,0,0,0,0,1,1,0,1,0,0,233
452,226.25,13431,0.025,32,174,0,0,0,1,0,0,0,4,4,7,0,0,2,0,0,0,0,0,2,0,0,0,0,0,0,0,0,1,0,0,0,0,0,0,0,0,0,0,0,0,0,0,1,0,2,0,0,0,230
453,226.75,13451,0.025,39,186,0,0,0,0,2,0,0,5,0,7,0,0,2,0,0,0,0,0,0,0,0,0,0,0,0,0,0,0,1,0,0,0,1,0,0,0,1,0,0,1,0,0,0,0,0,0,0,0,245
454,227.25,13471,0.025,29,189,0,0,0,1,3,0,0,7,0,8,1,0,5,0,0,0,0,0,1,0,0,0,0,0,0,0,0,0,0,0,0,0,0,0,0,0,0,0,0,0,0,0,1,0,1,0,0,0,246
455,227.75,13490,0.026,18,201,0,0,0,0,1,0,0,4,0,11,0,0,7,0,0,0,2,0,0,0,0,0,0,0,0,0,0,2,0,0,0,0,1,0,0,0,1,0,0,0,0,0,5,0,1,0,0,0,254
456,228.25,13510,0.025,26,210,0,0,0,0,2,0,0,5,0,11,0,0,4,0,0,0,6,0,1,0,0,0,0,0,0,0,0,0,0,0,0,0,3,0,0,0,0,0,0,0,0,0,1,0,1,0,0,0,270
457,228.75,13530,0.025,24,198,0,0,0,0,1,0,0,4,0,5,2,0,5,0,0,0,4,0,0,0,0,0,0,0,0,0,0,1,0,0,0,0,1,0,0,0,0,0,0,0,0,0,1,0,0,1,0,0,247
458,229.25,13550,0.025,27,211,0,0,0,0,0,0,0,5,0,8,0,0,6,0,0,0,0,0,0,0,0,0,0,0,0,0,0,1,0,0,0,0,0,0,0,0,0,0,0,0,0,0,0,1,0,0,0,0,259
459,229.75,13570,0.025,20,200,0,0,0,0,1,0,0,2,0,17,0,0,1,0,0,0,0,0,1,0,0,0,0,0,0,0,0,1,0,0,0,0,0,0,0,0,0,0,0,0,0,0,0,0,1,0,0,0,244
460,230.25,13593,0.022,22,209,0,0,0,0,0,0,0,6,0,15,1,0,5,0,0,0,0,0,0,0,0,0,0,0,0,0,0,0,0,0,0,0,1,0,0,0,0,0,0,1,0,0,0,0,1,0,0,0,261
461,230.75,13620,0.019,43,199,0,0,0,0,0,0,0,2,1,10,0,0,2,0,0,0,0,0,0,0,0,0,0,0,0,0,0,0,0,0,0,0,0,0,0,0,0,0,1,0,0,0,0,0,1,1,0,0,260
462,231.25,13646,0.019,22,219,0,0,0,0,0,0,0,2,1,11,0,0,8,0,0,0,0,0,0,0,0,0,0,0,0,0,0,1,0,0,0,0,0,0,0,0,0,0,0,1,0,0,0,0,1,0,0,0,266
463,231.75,13673,0.019,28,187,0,0,0,0,0,0,0,5,0,22,0,0,4,0,0,0,0,0,1,0,0,0,0,0,0,0,0,1,0,0,0,0,3,0,0,0,1,0,0,0,0,0,1,0,0,1,0,0,254
464,232.25,13699,0.019,17,233,0,0,0,0,2,0,0,4,0,11,0,0,6,0,0,0,0,0,0,0,0,0,0,0,0,0,0,1,0,0,0,0,1,0,0,0,0,0,0,0,0,0,2,0,0,0,0,0,277
465,232.75,13726,0.019,19,244,0,0,0,0,2,0,0,5,0,3,0,0,8,0,0,0,0,0,0,0,0,0,0,0,0,0,0,1,0,0,0,0,1,0,0,0,1,0,0,0,0,0,0,0,0,0,0,0,284
466,233.25,13752,0.019,19,247,0,0,0,0,0,0,0,5,0,12,0,0,2,0,0,0,0,0,0,0,0,0,0,0,0,0,0,1,0,0,0,0,1,0,0,0,0,0,0,0,0,0,1,0,0,1,0,0,289
467,233.75,13779,0.019,25,225,0,0,0,0,1,0,0,4,0,11,0,0,8,0,0,0,0,0,0,0,0,0,0,0,0,0,0,0,0,0,0,0,0,0,0,0,0,1,0,0,0,0,0,0,2,0,0,0,277
468,234.25,13805,0.019,18,236,0,0,0,0,0,0,0,7,0,9,0,0,7,0,0,0,0,0,0,0,0,0,0,0,0,0,0,2,0,0,0,0,1,0,0,0,0,0,0,0,0,0,0,0,1,0,0,0,281
469,234.75,13832,0.019,16,247,1,0,0,0,0,0,0,5,0,10,0,0,1,0,0,0,0,0,0,0,0,0,0,0,0,0,0,0,0,0,0,0,0,0,0,0,0,0,0,0,0,0,1,0,1,0,0,0,282
470,235.25,13866,0.015,14,239,0,0,0,0,0,0,0,4,2,5,0,0,2,0,0,0,0,0,0,0,0,0,0,0,0,0,0,1,0,0,0,0,0,0,0,0,0,0,0,0,0,0,2,0,0,1,0,0,270
471,235.75,13909,0.012,16,250,0,0,0,0,0,0,0,7,1,10,0,0,3,0,0,0,2,0,0,0,0,0,0,0,0,0,0,0,0,0,0,0,0,0,0,0,0,0,0,0,0,0,0,0,0,0,0,0,289
472,236.25,13951,0.012,10,279,0,0,0,0,0,0,0,2,0,6,0,0,4,0,0,0,0,0,0,0,0,0,0,0,0,0,0,0,0,0,0,0,0,0,0,0,0,0,0,1,0,0,2,0,0,0,0,0,304
473,236.75,13993,0.012,10,262,0,0,0,0,1,0,0,7,0,8,0,0,2,0,0,0,0,0,0,0,0,0,0,0,0,0,0,0,0,0,0,0,0,0,0,0,0,0,0,0,0,0,0,0,0,0,0,0,290
474,237.25,14035,0.012,11,261,0,0,0,0,0,0,0,4,0,15,0,0,3,0,0,0,0,0,0,0,0,0,0,0,0,0,0,1,0,0,0,0,0,0,0,0,0,0,0,0,0,0,0,0,0,1,0,0,296
475,237.75,14078,0.012,13,265,0,0,0,0,0,0,0,12,0,4,0,0,4,0,0,0,0,0,0,0,0,0,0,0,0,0,0,0,0,0,0,0,0,0,0,0,1,0,0,0,0,0,0,0,1,0,0,0,300
476,238.25,14120,0.012,8,251,0,0,0,0,0,0,0,6,1,20,0,0,1,0,0,0,0,0,0,0,0,0,0,0,0,0,0,0,0,0,0,0,0,0,0,0,2,0,0,0,0,0,2,0,0,0,0,0,291
477,238.75,14162,0.012,18,250,0,0,0,0,0,0,0,5,0,11,0,0,5,0,0,0,0,0,0,0,0,0,0,0,0,0,0,0,0,0,0,0,0,0,0,0,1,0,0,0,0,0,1,0,1,1,0,0,293
478,239.25,14204,0.012,17,228,0,0,0,0,0,0,0,11,0,8,0,0,19,0,0,0,0,0,0,0,0,0,0,0,0,0,0,0,0,0,0,0,0,0,0,0,1,0,0,0,0,0,0,0,0,1,0,0,285
479,239.75,14247,0.012,11,223,0,0,0,0,0,0,0,9,0,29,0,0,3,0,0,0,0,0,0,0,0,0,0,0,0,0,0,0,0,0,0,0,0,0,0,0,0,0,0,0,0,0,0,0,1,0,0,0,276
480,240.25,14288,0.012,7,263,0,0,0,0,0,0,0,6,0,4,0,0,6,0,0,0,0,0,0,0,0,0,0,0,0,0,0,0,0,0,0,0,0,0,0,0,1,0,0,0,0,0,1,1,0,0,0,0,289
481,240.75,14330,0.012,14,242,0,0,0,0,0,0,0,5,0,12,0,0,7,0,0,0,0,0,0,0,0,0,0,0,0,0,0,1,0,0,0,0,0,0,0,0,0,0,0,0,0,0,0,0,0,0,0,0,281
482,241.25,14371,0.012,18,243,0,0,0,0,0,0,0,6,0,10,0,0,3,0,0,0,0,0,0,0,0,0,0,0,0,0,0,1,0,0,0,0,0,0,0,0,0,0,0,0,0,0,0,0,0,0,0,0,281
483,241.75,14413,0.012,12,259,0,0,0,0,0,0,0,7,1,9,0,0,5,0,0,0,0,0,0,0,0,0,0,0,0,0,0,0,0,0,0,0,0,0,0,0,0,0,0,0,0,0,0,0,0,0,0,0,293
484,242.25,14454,0.012,12,235,0,0,0,0,2,0,0,4,0,12,0,0,3,0,0,0,0,0,0,0,0,0,0,0,0,0,0,0,0,0,0,0,0,0,0,0,0,0,0,1,0,0,1,0,0,0,0,0,270
485,242.75,14496,0.012,15,243,1,0,0,0,0,0,0,10,0,8,0,0,1,0,0,0,0,0,0,0,0,0,0,0,0,0,0,0,0,0,0,0,1,0,0,0,0,0,0,0,0,0,0,0,0,0,0,0,279
486,243.25,14537,0.012,12,237,0,0,0,0,0,0,0,12,0,15,0,0,3,0,0,0,0,0,0,0,0,0,0,0,0,0,0,0,0,0,0,0,0,0,0,0,0,0,0,0,0,0,3,0,1,1,0,0,284
487,243.75,14579,0.012,11,244,0,0,0,0,0,0,0,15,1,10,0,0,4,0,0,0,0,0,0,0,0,0,0,0,0,0,0,0,0,0,0,0,0,0,0,0,0,0,0,1,0,0,0,0,1,0,0,0,287
488,244.25,14620,0.012,11,248,0,0,0,0,0,0,0,15,0,10,0,0,9,0,0,0,0,0,0,0,0,0,0,0,0,0,0,0,0,0,0,0,0,0,0,1,1,0,0,0,0,0,0,0,0,0,0,0,295
489,244.75,14662,0.012,13,256,0,0,0,0,0,0,0,13,0,5,0,0,7,0,0,0,0,0,0,0,0,0,0,0,0,0,0,0,0,0,0,0,0,0,0,0,0,0,0,0,0,0,0,0,2,0,0,0,296
490,245.25,14704,0.012,7,231,0,0,0,0,0,0,0,10,0,9,0,0,8,0,0,0,0,0,0,0,0,0,0,0,0,0,0,0,0,0,0,0,1,1,0,0,0,0,0,0,0,0,1,0,0,0,0,0,268
491,245.75,14746,0.012,12,244,0,0,0,0,1,0,0,12,2,6,0,0,7,0,0,0,0,0,0,0,0,0,0,0,0,0,0,0,0,0,0,0,0,0,0,0,0,0,0,0,0,0,0,0,0,0,0,0,284
492,246.25,14788,0.012,13,246,0,0,0,0,0,0,0,9,1,2,0,0,4,0,0,0,0,0,1,0,0,0,0,0,0,0,0,0,0,0,0,0,0,0,0,0,0,0,0,0,0,0,0,0,0,1,0,0,277
493,246.75,14830,0.012,11,250,0,0,0,0,0,0,0,5,0,3,0,0,5,0,0,0,0,0,0,0,0,0,0,0,0,0,0,0,0,0,0,0,0,0,0,0,0,0,0,0,0,0,0,0,0,0,0,0,274
494,247.25,14873,0.012,7,245,0,0,0,0,0,0,0,14,0,8,0,0,6,0,0,0,0,0,0,0,0,0,0,0,0,0,0,0,0,0,0,0,1,0,0,0,0,0,0,0,0,0,0,0,0,0,0,0,281
495,247.75,14915,0.012,6,241,1,0,0,0,0,0,0,11,0,13,0,0,6,0,0,0,0,0,0,0,0,0,0,0,0,0,0,1,0,0,0,0,0,0,0,0,0,0,0,0,0,0,1,0,1,1,0,0,282
496,248.25,14957,0.012,5,232,0,0,0,0,0,0,0,6,0,8,0,0,3,0,0,0,0,0,2,0,0,0,0,0,0,0,0,0,0,0,0,1,0,0,0,0,0,0,0,0,0,0,0,1,1,0,0,0,259
497,248.75,15000,0.012,12,249,0,0,0,0,0,0,0,6,1,7,0,0,6,0,0,0,0,0,0,0,0,0,0,0,0,0,0,0,0,0,0,0,0,0,0,0,0,0,0,1,0,0,0,0,3,0,0,0,285
498,249.25,15042,0.012,14,239,0,0,0,0,0,0,0,12,0,4,0,0,5,0,0,0,0,0,0,0,0,0,0,0,0,0,0,0,0,0,0,0,0,0,0,0,0,0,0,0,0,0,0,0,1,1,0,0,276
499,249.75,15084,0.012,36,202,1,0,0,0,0,0,0,5,0,11,0,0,4,0,0,0,0,0,0,0,0,0,0,0,0,0,0,0,0,0,0,1,0,0,0,0,0,0,0,0,0,0,1,0,0,0,0,0,261
500,250.25,15126,0.012,13,238,0,0,0,0,0,0,0,9,1,5,0,0,5,0,0,0,0,0,0,0,0,0,0,0,0,0,0,0,0,0,0,0,0,0,0,0,0,0,0,0,0,0,0,0,1,0,0,0,272
501,250.75,15168,0.012,5,259,0,0,0,0,0,0,0,12,0,7,0,0,1,0,0,0,0,0,0,0,0,0,0,0,0,0,0,0,0,0,0,0,0,0,0,0,0,0,0,0,0,0,0,0,1,0,0,0,285
502,251.25,15209,0.012,8,269,0,0,0,0,0,0,0,12,0,7,0,0,2,0,0,0,0,0,0,0,0,0,0,0,0,0,0,0,0,0,0,0,0,0,0,0,0,0,0,0,0,0,0,0,0,0,0,0,298
503,251.75,15251,0.012,21,247,0,0,0,0,0,0,0,12,1,6,0,0,4,0,0,0,0,0,0,0,0,0,0,0,0,0,0,0,0,0,0,0,0,0,0,0,0,0,0,0,0,0,1,0,1,0,0,0,293
504,252.25,15292,0.012,6,257,0,0,0,0,0,0,0,10,0,2,0,0,4,0,0,0,0,0,0,0,0,0,0,0,1,0,0,0,0,0,0,0,0,0,0,0,0,0,0,0,0,0,0,0,1,0,0,0,281
505,252.75,15334,0.012,6,260,0,0,0,0,0,0,0,7,0,5,0,0,2,0,0,0,0,0,0,0,0,0,0,0,0,0,0,0,0,0,0,0,0,0,0,0,0,0,0,0,0,0,2,0,1,0,0,0,283
506,253.25,15375,0.012,26,203,0,0,0,0,0,0,0,10,0,10,0,0,7,0,0,0,0,0,0,0,0,0,0,0,0,0,0,0,0,0,0,0,0,0,0,0,0,0,0,0,0,0,0,0,2,1,0,0,259
507,253.75,15417,0.012,24,169,0,0,0,0,0,0,1,10,2,15,0,0,2,0,0,0,0,0,2,0,0,0,0,0,0,0,0,1,0,0,0,1,1,0,0,0,0,0,0,0,0,0,1,0,2,1,0,0,232
508,254.25,15459,0.012,29,178,1,0,0,0,1,0,0,9,0,16,0,0,19,0,0,0,0,0,1,0,0,0,0,0,0,0,0,0,0,0,0,0,0,0,0,0,0,0,0,0,0,0,0,0,1,1,0,0,256
509,254.75,15500,0.012,42,81,1,0,0,0,0,0,0,18,0,16,0,0,22,0,0,0,0,0,3,0,0,0,0,0,0,0,0,0,0,0,0,0,3,0,0,0,0,0,0,0,0,0,1,0,5,0,0,0,192
510,255.25,15539,0.013,21,176,0,0,0,0,0,0,0,21,0,6,0,0,14,0,0,0,0,0,3,0,0,0,0,0,0,0,0,0,0,0,0,0,0,0,0,0,1,0,0,0,0,0,0,0,3,0,0,0,245
511,255.75,15577,0.013,47,32,0,0,0,1,0,0,0,18,0,19,0,0,37,0,0,0,0,0,0,0,0,0,0,0,0,0,0,0,0,0,0,0,0,0,0,0,0,0,0,0,0,0,1,0,2,0,0,0,157
512,256.25,15614,0.014,24,37,1,0,0,3,1,0,0,22,0,16,0,0,30,0,0,0,1,0,0,0,0,0,0,0,0,0,0,0,0,0,0,2,0,0,0,0,0,0,0,1,0,0,4,0,5,3,0,0,150
513,256.75,15652,0.013,31,148,1,0,0,0,0,0,0,17,0,11,0,0,8,0,0,0,0,0,0,0,0,0,0,0,0,0,1,0,0,0,0,1,1,0,0,0,0,0,0,0,0,0,2,0,4,0,0,0,225
514,257.25,15689,0.014,38,177,0,0,0,0,0,0,0,20,3,16,0,0,15,0,0,0,0,0,1,0,0,0,0,0,0,0,0,0,0,0,0,0,0,0,0,0,0,0,0,0,0,0,0,0,0,0,0,0,270
515,257.75,15726,0.014,33,139,0,0,0,1,1,0,0,23,0,24,0,0,19,0,0,0,0,0,0,0,0,0,0,0,0,0,0,0,0,0,0,0,1,0,0,0,0,0,0,0,0,0,3,0,0,0,0,0,244
516,258.25,15764,0.013,27,161,0,0,0,0,0,0,0,37,2,9,0,0,19,0,0,0,0,0,0,0,1,0,0,0,0,0,0,1,0,0,0,1,0,0,0,0,0,1,0,0,0,0,0,0,2,0,0,0,261
517,258.75,15801,0.014,34,171,0,0,0,1,0,0,0,27,0,4,0,0,23,0,0,0,0,0,0,0,1,0,1,0,0,0,0,0,0,0,0,0,1,0,0,0,0,0,0,0,0,0,1,0,1,0,0,0,265
518,259.25,15838,0.014,53,119,0,0,0,20,0,0,0,24,0,14,0,0,39,0,0,0,0,0,2,0,0,0,1,0,0,0,0,0,0,0,0,0,0,0,0,0,0,0,0,0,0,0,0,0,1,0,0,0,273
519,259.75,15876,0.013,38,159,0,0,0,1,0,0,0,23,0,6,0,0,36,0,0,0,0,0,1,0,0,0,0,0,0,0,0,0,0,0,0,0,2,0,0,0,0,0,0,0,0,0,0,0,0,0,0,0,266
520,260.25,15907,0.016,51,141,0,0,0,1,0,0,0,17,0,8,0,0,31,0,0,1,0,0,1,0,1,0,0,0,0,0,0,0,0,0,0,2,0,0,0,0,0,0,0,0,0,0,0,0,1,0,0,0,255